# Blender 4.0.2
# www.blender.org
mtllib Anaisthisia Syringe.mtl
o Syringe
v 0.095534 0.204531 -0.226043
v 0.099045 0.210207 -0.226146
v 0.097091 0.207489 -0.226241
v 0.100881 0.212297 -0.225897
v 0.105973 0.216422 -0.224628
v 0.103298 0.214561 -0.225400
v 0.108317 0.217718 -0.223836
v 0.114214 0.219664 -0.221390
v 0.111227 0.218941 -0.222720
v 0.116710 0.219966 -0.220174
v 0.122516 0.219438 -0.216923
v 0.119671 0.219964 -0.218609
v 0.124784 0.218701 -0.215469
v 0.129613 0.215778 -0.211907
v 0.127343 0.217474 -0.213693
v 0.131308 0.214115 -0.210437
v 0.134426 0.209243 -0.207107
v 0.133077 0.211849 -0.208720
v 0.135290 0.206906 -0.205844
v 0.136222 0.200826 -0.203253
v 0.135999 0.203947 -0.204447
v 0.136123 0.198172 -0.202389
v 0.134727 0.191810 -0.200931
v 0.135664 0.194969 -0.201526
v 0.133680 0.189242 -0.200598
v 0.130169 0.183566 -0.200496
v 0.132123 0.186284 -0.200400
v 0.128334 0.181476 -0.200744
v 0.123242 0.177351 -0.202013
v 0.125916 0.179212 -0.201241
v 0.120898 0.176056 -0.202805
v 0.115000 0.174109 -0.205251
v 0.117987 0.174832 -0.203921
v 0.112504 0.173807 -0.206467
v 0.106699 0.174335 -0.209718
v 0.109544 0.173809 -0.208033
v 0.104430 0.175072 -0.211172
v 0.099601 0.177995 -0.214734
v 0.101871 0.176299 -0.212949
v 0.097906 0.179658 -0.216204
v 0.094788 0.184530 -0.219534
v 0.096137 0.181924 -0.217921
v 0.093924 0.186867 -0.220797
v 0.092993 0.192947 -0.223389
v 0.093216 0.189827 -0.222194
v 0.093092 0.195601 -0.224252
v 0.094487 0.201963 -0.225710
v 0.093550 0.198804 -0.225115
v -0.096851 0.338090 0.144377
v -0.100362 0.332415 0.144479
v -0.098805 0.335373 0.144281
v -0.089924 0.344306 0.145894
v -0.095015 0.340181 0.144625
v -0.092598 0.342444 0.145122
v -0.081682 0.347547 0.149132
v -0.087579 0.345601 0.146686
v -0.084669 0.346825 0.147802
v -0.073380 0.347321 0.153599
v -0.079186 0.347850 0.150348
v -0.076225 0.347848 0.151914
v -0.066283 0.343662 0.158615
v -0.071112 0.346585 0.155053
v -0.068553 0.345357 0.156830
v -0.061470 0.337126 0.163415
v -0.064588 0.341999 0.160085
v -0.062819 0.339733 0.161802
v -0.059674 0.328710 0.167270
v -0.060606 0.334790 0.164678
v -0.059897 0.331830 0.166075
v -0.061169 0.319693 0.169591
v -0.059773 0.326056 0.168133
v -0.060232 0.322853 0.168996
v -0.065727 0.311450 0.170026
v -0.062216 0.317125 0.169924
v -0.063773 0.314167 0.170122
v -0.072654 0.305234 0.168509
v -0.067562 0.309359 0.169778
v -0.069980 0.307096 0.169281
v -0.080896 0.301993 0.165271
v -0.074998 0.303939 0.167717
v -0.077909 0.302715 0.166601
v -0.089197 0.302219 0.160804
v -0.083392 0.301690 0.164055
v -0.086352 0.301692 0.162490
v -0.096295 0.305878 0.155788
v -0.091466 0.302955 0.159350
v -0.094025 0.304183 0.157574
v -0.101108 0.312414 0.150988
v -0.097990 0.307541 0.154318
v -0.099759 0.309808 0.152601
v -0.102903 0.320830 0.147134
v -0.101972 0.314750 0.149725
v -0.102681 0.317710 0.148328
v -0.101409 0.329847 0.144812
v -0.102805 0.323485 0.146270
v -0.102346 0.326687 0.145407
v -0.115155 0.312762 0.171337
v -0.121231 0.322244 0.190901
v -0.118534 0.317368 0.181242
v -0.064824 0.340568 0.188350
v -0.079037 0.345555 0.205163
v -0.071745 0.343218 0.197058
v -0.118844 0.322740 0.165943
v -0.124324 0.330609 0.186378
v -0.121964 0.326644 0.176227
v -0.065247 0.329233 0.192039
v -0.079392 0.336052 0.208255
v -0.072138 0.332681 0.200487
v -0.120221 0.349305 0.182094
v -0.113951 0.345042 0.160833
v -0.117415 0.347377 0.171477
v -0.118421 0.334075 0.162254
v -0.123969 0.340111 0.183286
v -0.121571 0.337182 0.172798
v -0.069717 0.318266 0.193460
v -0.083139 0.326859 0.209447
v -0.076294 0.322486 0.201809
v -0.106113 0.353970 0.161895
v -0.113651 0.356790 0.182985
v -0.110129 0.355677 0.172464
v -0.077555 0.309338 0.192398
v -0.089710 0.319374 0.208556
v -0.083580 0.314186 0.200821
v -0.096102 0.359501 0.165279
v -0.105258 0.361427 0.185822
v -0.100822 0.360819 0.175610
v -0.087566 0.303807 0.189014
v -0.098103 0.314737 0.205720
v -0.092887 0.309044 0.197675
v -0.085441 0.360793 0.170470
v -0.096321 0.362510 0.190173
v -0.090911 0.362020 0.180436
v -0.115162 0.316290 0.196164
v -0.107915 0.305660 0.177616
v -0.111804 0.310766 0.187079
v -0.098227 0.302515 0.183824
v -0.107040 0.313654 0.201368
v -0.102798 0.307843 0.192850
v -0.082130 0.353920 0.200640
v -0.068513 0.350546 0.182956
v -0.075175 0.352494 0.192043
v -0.075753 0.357648 0.176677
v -0.088199 0.359873 0.195377
v -0.081905 0.359097 0.186206
v 0.096534 0.202573 -0.241190
v 0.100999 0.209790 -0.241320
v 0.098513 0.206335 -0.241442
v 0.103333 0.212449 -0.241004
v 0.109808 0.217695 -0.239391
v 0.106407 0.215327 -0.240372
v 0.112789 0.219341 -0.238383
v 0.120288 0.221817 -0.235273
v 0.116490 0.220898 -0.236964
v 0.123463 0.222201 -0.233727
v 0.130845 0.221529 -0.229592
v 0.127227 0.222198 -0.231736
v 0.133730 0.220593 -0.227744
v 0.139871 0.216875 -0.223214
v 0.136984 0.219031 -0.225484
v 0.142026 0.214761 -0.221345
v 0.145991 0.208564 -0.217110
v 0.144275 0.211879 -0.219161
v 0.147090 0.205593 -0.215504
v 0.148275 0.197861 -0.212208
v 0.147991 0.201829 -0.213728
v 0.148149 0.194486 -0.211110
v 0.146373 0.186396 -0.209256
v 0.147565 0.190413 -0.210013
v 0.145042 0.183130 -0.208833
v 0.140577 0.175913 -0.208703
v 0.143063 0.179368 -0.208581
v 0.138244 0.173254 -0.209019
v 0.131768 0.168009 -0.210632
v 0.135169 0.170376 -0.209651
v 0.128787 0.166362 -0.211639
v 0.121288 0.163887 -0.214750
v 0.125086 0.164806 -0.213059
v 0.118113 0.163502 -0.216296
v 0.110731 0.164174 -0.220431
v 0.114349 0.163505 -0.218287
v 0.107847 0.165110 -0.222279
v 0.101706 0.168828 -0.226809
v 0.104592 0.166672 -0.224538
v 0.099550 0.170942 -0.228678
v 0.095585 0.177139 -0.232913
v 0.097301 0.173824 -0.230862
v 0.094487 0.180110 -0.234519
v 0.093302 0.187842 -0.237814
v 0.093585 0.183874 -0.236295
v 0.093428 0.191217 -0.238913
v 0.095203 0.199307 -0.240767
v 0.094011 0.195290 -0.240010
v -0.110590 0.342800 0.151839
v -0.102397 0.352133 0.152949
v -0.091931 0.357915 0.156486
v -0.080787 0.359265 0.161913
v -0.070659 0.355978 0.168401
v -0.063091 0.348554 0.174965
v -0.059235 0.338124 0.180604
v -0.059677 0.326274 0.184460
v -0.064350 0.314810 0.185946
v -0.072543 0.305477 0.184836
v -0.083008 0.299695 0.181298
v -0.094153 0.298345 0.175872
v -0.104280 0.301632 0.169383
v -0.111848 0.309056 0.162820
v -0.115705 0.319487 0.157181
v -0.115263 0.331336 0.153325
v -0.110590 0.342800 0.151839
v -0.110642 0.342833 0.151857
v -0.110620 0.342818 0.151833
v -0.102439 0.352179 0.152969
v -0.102397 0.352133 0.152949
v -0.102418 0.352161 0.152945
v -0.091959 0.357968 0.156511
v -0.091931 0.357915 0.156486
v -0.091942 0.357949 0.156486
v -0.080799 0.359320 0.161944
v -0.080787 0.359265 0.161913
v -0.080786 0.359301 0.161918
v -0.070659 0.356029 0.168442
v -0.070659 0.355978 0.168401
v -0.070648 0.356010 0.168413
v -0.063080 0.348595 0.175014
v -0.063091 0.348554 0.174965
v -0.063073 0.348579 0.174983
v -0.059219 0.338150 0.180661
v -0.059235 0.338124 0.180604
v -0.059212 0.338137 0.180628
v -0.059661 0.326285 0.184522
v -0.059677 0.326274 0.184460
v -0.059655 0.326276 0.184488
v -0.064350 0.314810 0.185946
v -0.064341 0.314806 0.186010
v -0.064333 0.314800 0.185976
v -0.072545 0.305460 0.184898
v -0.072543 0.305477 0.184836
v -0.072534 0.305457 0.184864
v -0.083024 0.299670 0.181356
v -0.083008 0.299695 0.181298
v -0.083010 0.299669 0.181323
v -0.094184 0.298318 0.175923
v -0.094153 0.298345 0.175872
v -0.094166 0.298318 0.175891
v -0.104325 0.301610 0.169425
v -0.104280 0.301632 0.169383
v -0.104304 0.301608 0.169396
v -0.111903 0.309044 0.162853
v -0.111848 0.309056 0.162820
v -0.111880 0.309040 0.162826
v -0.115764 0.319488 0.157206
v -0.115705 0.319487 0.157181
v -0.115740 0.319481 0.157181
v -0.115263 0.331336 0.153325
v -0.115322 0.331353 0.153345
v -0.115298 0.331343 0.153321
v -0.113940 0.345733 0.199436
v -0.113926 0.345725 0.199504
v -0.113921 0.345721 0.199467
v -0.111307 0.348708 0.199859
v -0.111309 0.348730 0.199793
v -0.111299 0.348709 0.199822
v -0.107962 0.350556 0.200990
v -0.107947 0.350587 0.200929
v -0.107949 0.350560 0.200955
v -0.104400 0.350988 0.202724
v -0.104368 0.351021 0.202672
v -0.104382 0.350992 0.202692
v -0.101163 0.349937 0.204798
v -0.101115 0.349965 0.204756
v -0.101140 0.349940 0.204769
v -0.098744 0.347564 0.206896
v -0.098684 0.347581 0.206864
v -0.098717 0.347563 0.206870
v -0.097512 0.344230 0.208699
v -0.097446 0.344231 0.208675
v -0.097483 0.344225 0.208675
v -0.097653 0.340443 0.209931
v -0.097588 0.340425 0.209914
v -0.097624 0.340432 0.209909
v -0.099089 0.336743 0.210391
v -0.099147 0.336779 0.210406
v -0.099120 0.336762 0.210385
v -0.101765 0.333796 0.210051
v -0.101720 0.333745 0.210035
v -0.101743 0.333775 0.210029
v -0.105110 0.331948 0.208920
v -0.105082 0.331888 0.208898
v -0.105093 0.331924 0.208897
v -0.108673 0.331516 0.207186
v -0.108661 0.331454 0.207156
v -0.108660 0.331492 0.207160
v -0.111909 0.332567 0.205112
v -0.111914 0.332510 0.205071
v -0.111902 0.332544 0.205083
v -0.114328 0.334940 0.203014
v -0.114345 0.334894 0.202963
v -0.114324 0.334920 0.202982
v -0.115561 0.338274 0.201212
v -0.115583 0.338245 0.201152
v -0.115559 0.338259 0.201177
v -0.115441 0.342050 0.199914
v -0.115420 0.342061 0.199979
v -0.115417 0.342052 0.199943
v -0.122625 0.350988 0.192975
v -0.122599 0.350974 0.193049
v -0.122621 0.350987 0.193017
v -0.116899 0.357467 0.193822
v -0.116908 0.357501 0.193750
v -0.116911 0.357492 0.193791
v -0.109618 0.361490 0.196283
v -0.109606 0.361535 0.196218
v -0.109618 0.361521 0.196256
v -0.101865 0.362429 0.200058
v -0.101830 0.362477 0.200004
v -0.101851 0.362462 0.200038
v -0.094819 0.360142 0.204572
v -0.094764 0.360183 0.204532
v -0.094793 0.360172 0.204560
v -0.089554 0.354977 0.209139
v -0.089484 0.355003 0.209111
v -0.089518 0.354997 0.209134
v -0.086871 0.347721 0.213062
v -0.086793 0.347726 0.213046
v -0.086830 0.347728 0.213064
v -0.087179 0.339477 0.215744
v -0.087102 0.339458 0.215736
v -0.087138 0.339470 0.215752
v -0.090362 0.331459 0.216773
v -0.090430 0.331501 0.216778
v -0.090395 0.331480 0.216788
v -0.096130 0.325008 0.216006
v -0.096079 0.324947 0.215998
v -0.096105 0.324975 0.216014
v -0.103411 0.320986 0.213545
v -0.103381 0.320913 0.213530
v -0.103399 0.320946 0.213548
v -0.111164 0.320046 0.209770
v -0.111157 0.319971 0.209744
v -0.111166 0.320005 0.209767
v -0.118210 0.322333 0.205255
v -0.118223 0.322265 0.205217
v -0.118224 0.322296 0.205244
v -0.123475 0.327498 0.200689
v -0.123503 0.327444 0.200637
v -0.123499 0.327470 0.200670
v -0.126158 0.334755 0.196766
v -0.126194 0.334722 0.196703
v -0.126186 0.334739 0.196740
v -0.125885 0.342990 0.194012
v -0.125850 0.342998 0.194083
v -0.125878 0.342997 0.194052
v -0.116367 0.347613 0.220421
v -0.122545 0.351351 0.215806
v -0.122549 0.351355 0.215843
v -0.115945 0.348093 0.220478
v -0.119926 0.354335 0.216161
v -0.119935 0.354334 0.216198
v -0.115407 0.348391 0.220660
v -0.116581 0.356183 0.217292
v -0.116594 0.356179 0.217327
v -0.114833 0.348460 0.220939
v -0.113019 0.356614 0.219026
v -0.113038 0.356610 0.219059
v -0.114312 0.348291 0.221273
v -0.109782 0.355564 0.221100
v -0.109805 0.355561 0.221129
v -0.113922 0.347909 0.221611
v -0.107363 0.353191 0.223198
v -0.107390 0.353191 0.223224
v -0.113724 0.347372 0.221901
v -0.106131 0.349857 0.225000
v -0.106159 0.349862 0.225024
v -0.113747 0.346762 0.222099
v -0.106272 0.346069 0.226233
v -0.106300 0.346081 0.226255
v -0.113987 0.346172 0.222176
v -0.107765 0.342405 0.226708
v -0.107792 0.342422 0.226729
v -0.114409 0.345692 0.222119
v -0.110384 0.339422 0.226353
v -0.110407 0.339443 0.226375
v -0.114947 0.345395 0.221937
v -0.113729 0.337574 0.225222
v -0.113747 0.337598 0.225246
v -0.115521 0.345325 0.221657
v -0.117291 0.337142 0.223488
v -0.117304 0.337167 0.223514
v -0.116042 0.345494 0.221324
v -0.120528 0.338193 0.221414
v -0.120536 0.338216 0.221443
v -0.116432 0.345876 0.220986
v -0.122947 0.340566 0.219316
v -0.122951 0.340585 0.219348
v -0.116630 0.346413 0.220696
v -0.124180 0.343900 0.217513
v -0.124182 0.343914 0.217548
v -0.124038 0.347687 0.216281
v -0.116607 0.347023 0.220497
v -0.124041 0.347696 0.216318
v -0.107414 0.345607 0.152549
v -0.107237 0.345730 0.152542
v -0.107329 0.345661 0.152558
v -0.111702 0.338512 0.152672
v -0.111671 0.338726 0.152673
v -0.111682 0.338626 0.152685
v -0.109723 0.342274 0.152421
v -0.109784 0.342312 0.152433
v -0.109750 0.342291 0.152441
v -0.098634 0.353577 0.154440
v -0.098428 0.353634 0.154471
v -0.098539 0.353598 0.154466
v -0.104807 0.348576 0.152902
v -0.104903 0.348388 0.152858
v -0.104850 0.348485 0.152894
v -0.101829 0.351266 0.153490
v -0.101876 0.351320 0.153505
v -0.101852 0.351288 0.153512
v -0.088154 0.357777 0.158531
v -0.087948 0.357756 0.158590
v -0.088062 0.357760 0.158569
v -0.095447 0.355281 0.155479
v -0.095304 0.355417 0.155565
v -0.095372 0.355348 0.155536
v -0.091746 0.356837 0.156898
v -0.091776 0.356901 0.156919
v -0.091764 0.356861 0.156922
v -0.077570 0.357566 0.164200
v -0.077391 0.357468 0.164270
v -0.077494 0.357514 0.164241
v -0.084608 0.358206 0.160258
v -0.084773 0.358140 0.160135
v -0.084690 0.358169 0.160211
v -0.081009 0.358138 0.162126
v -0.081020 0.358204 0.162156
v -0.081021 0.358163 0.162152
v -0.068493 0.352976 0.170583
v -0.068366 0.352815 0.170648
v -0.068444 0.352896 0.170620
v -0.074506 0.356532 0.166118
v -0.074348 0.356520 0.166265
v -0.074430 0.356519 0.166204
v -0.071252 0.354971 0.168378
v -0.071245 0.355031 0.168419
v -0.071259 0.354994 0.168407
v -0.062305 0.344706 0.176709
v -0.062245 0.344504 0.176753
v -0.062289 0.344609 0.176734
v -0.066085 0.350614 0.172671
v -0.066210 0.350700 0.172518
v -0.066154 0.350649 0.172606
v -0.063961 0.347818 0.174702
v -0.063941 0.347866 0.174753
v -0.063964 0.347838 0.174734
v -0.059949 0.334016 0.181644
v -0.059962 0.333801 0.181654
v -0.059967 0.333917 0.181652
v -0.061147 0.341533 0.178359
v -0.061078 0.341387 0.178503
v -0.061122 0.341454 0.178440
v -0.060245 0.337769 0.180134
v -0.060219 0.337799 0.180196
v -0.060247 0.337783 0.180170
v -0.061782 0.322532 0.184639
v -0.061863 0.322335 0.184606
v -0.061831 0.322445 0.184626
v -0.060089 0.330246 0.182871
v -0.060087 0.330426 0.182752
v -0.060101 0.330331 0.182819
v -0.060671 0.326352 0.183850
v -0.060646 0.326362 0.183917
v -0.060673 0.326361 0.183887
v -0.067525 0.312004 0.185236
v -0.067659 0.311852 0.185160
v -0.067598 0.311941 0.185203
v -0.063194 0.319069 0.185029
v -0.063269 0.318884 0.185112
v -0.063245 0.318976 0.185076
v -0.065173 0.315308 0.185281
v -0.065156 0.315298 0.185352
v -0.065177 0.315311 0.185319
v -0.076306 0.304033 0.183345
v -0.076468 0.303948 0.183231
v -0.076388 0.304003 0.183294
v -0.070132 0.309034 0.184883
v -0.069992 0.309193 0.184844
v -0.070076 0.309117 0.184867
v -0.073067 0.306315 0.184212
v -0.073063 0.306290 0.184280
v -0.073075 0.306314 0.184249
v -0.086785 0.299833 0.179254
v -0.086948 0.299826 0.179112
v -0.086865 0.299841 0.179192
v -0.079449 0.302301 0.182223
v -0.079636 0.302193 0.182219
v -0.079555 0.302254 0.182224
v -0.083150 0.300745 0.180803
v -0.083164 0.300710 0.180866
v -0.083163 0.300740 0.180839
v -0.097369 0.300045 0.173585
v -0.097505 0.300113 0.173432
v -0.097433 0.300088 0.173519
v -0.090332 0.299404 0.177527
v -0.090123 0.299441 0.177567
v -0.090237 0.299433 0.177550
v -0.093887 0.299444 0.175576
v -0.093920 0.299407 0.175629
v -0.093906 0.299439 0.175608
v -0.106446 0.304634 0.167202
v -0.106530 0.304767 0.167054
v -0.106483 0.304706 0.167141
v -0.100389 0.301050 0.171583
v -0.100592 0.301091 0.171520
v -0.100497 0.301083 0.171556
v -0.103644 0.302611 0.169324
v -0.103694 0.302579 0.169366
v -0.103668 0.302608 0.169353
v -0.112634 0.312904 0.161076
v -0.112651 0.313078 0.160949
v -0.112638 0.312992 0.161027
v -0.108854 0.306997 0.165113
v -0.108686 0.306882 0.165184
v -0.108773 0.306952 0.165155
v -0.110935 0.309764 0.163000
v -0.110999 0.309744 0.163031
v -0.110963 0.309764 0.163027
v -0.114991 0.323594 0.156140
v -0.114934 0.323781 0.156048
v -0.114960 0.323685 0.156108
v -0.113749 0.316049 0.159343
v -0.113861 0.316223 0.159282
v -0.113805 0.316148 0.159321
v -0.114651 0.319813 0.157567
v -0.114721 0.319811 0.157589
v -0.114680 0.319818 0.157591
v -0.113033 0.335247 0.153096
v -0.113158 0.335078 0.153146
v -0.113096 0.335157 0.153135
v -0.114851 0.327365 0.154913
v -0.114808 0.327156 0.154950
v -0.114826 0.327270 0.154942
v -0.114225 0.331229 0.153852
v -0.114294 0.331248 0.153867
v -0.114254 0.331240 0.153874
v -0.061528 0.332461 0.090071
v -0.061438 0.332456 0.090099
v -0.061480 0.332467 0.090079
v 0.068178 0.244843 -0.160598
v 0.068188 0.244864 -0.160671
v 0.068178 0.244865 -0.160631
v -0.062483 0.330154 0.086555
v -0.062549 0.330211 0.086608
v -0.062514 0.330191 0.086575
v 0.071619 0.246185 -0.160468
v 0.071633 0.246208 -0.160541
v 0.071622 0.246208 -0.160501
v -0.061187 0.332894 0.090738
v -0.061246 0.332953 0.090789
v -0.061214 0.332932 0.090757
v 0.101983 0.215363 -0.125393
v 0.102062 0.215323 -0.125444
v 0.102030 0.215348 -0.125410
v -0.020224 0.295146 0.105754
v -0.020242 0.295164 0.105884
v -0.020221 0.295159 0.105820
v -0.019939 0.294362 0.105005
v -0.019953 0.294427 0.104967
v -0.019934 0.294398 0.104987
v 0.099742 0.213995 -0.122497
v 0.099713 0.214064 -0.122509
v 0.099736 0.214035 -0.122494
v 0.098395 0.213577 -0.120699
v 0.098478 0.213528 -0.120759
v 0.098446 0.213558 -0.120721
v -0.017501 0.289237 0.098510
v -0.017528 0.289258 0.098656
v -0.017501 0.289251 0.098585
v 0.107048 0.224739 -0.134334
v 0.107119 0.224728 -0.134366
v 0.107089 0.224739 -0.134340
v -0.025760 0.311450 0.116869
v -0.025760 0.311473 0.116964
v -0.025750 0.311465 0.116916
v -0.025504 0.310655 0.116643
v -0.025533 0.310723 0.116584
v -0.025509 0.310693 0.116612
v 0.106459 0.221671 -0.132361
v 0.106529 0.221656 -0.132390
v 0.106499 0.221669 -0.132364
v -0.024207 0.306985 0.114789
v -0.024208 0.307003 0.114889
v -0.024197 0.306997 0.114839
v 0.105394 0.235015 -0.140412
v 0.105458 0.235025 -0.140445
v 0.105430 0.235028 -0.140419
v -0.031761 0.324604 0.119095
v -0.031762 0.324571 0.119010
v -0.031754 0.324592 0.119051
v 0.106405 0.232104 -0.138643
v 0.106470 0.232111 -0.138674
v 0.106441 0.232115 -0.138648
v -0.029774 0.321023 0.118928
v -0.029771 0.321050 0.119014
v -0.029764 0.321041 0.118970
v 0.099355 0.243324 -0.146582
v 0.099303 0.243300 -0.146544
v 0.099331 0.243323 -0.146554
v -0.039650 0.334028 0.116283
v -0.039664 0.334078 0.116361
v -0.039651 0.334058 0.116319
v 0.101455 0.241189 -0.144677
v 0.101511 0.241210 -0.144713
v 0.101485 0.241210 -0.144685
v -0.037186 0.331713 0.117557
v -0.037195 0.331759 0.117638
v -0.037184 0.331741 0.117595
v 0.090330 0.247978 -0.152960
v 0.090292 0.247946 -0.152912
v 0.090309 0.247975 -0.152929
v -0.048376 0.338527 0.109391
v -0.048343 0.338467 0.109328
v -0.048355 0.338502 0.109356
v 0.093172 0.247012 -0.151066
v 0.093214 0.247042 -0.151112
v 0.093193 0.247039 -0.151082
v -0.045805 0.337795 0.111832
v -0.045777 0.337737 0.111764
v -0.045786 0.337771 0.111794
v 0.079668 0.248334 -0.158443
v 0.079643 0.248303 -0.158383
v 0.079652 0.248331 -0.158408
v -0.056523 0.337214 0.099197
v -0.056572 0.337273 0.099245
v -0.056544 0.337251 0.099216
v 0.082901 0.248630 -0.157004
v 0.082930 0.248661 -0.157063
v 0.082913 0.248658 -0.157028
v -0.054290 0.338240 0.102478
v -0.054245 0.338180 0.102426
v -0.054263 0.338217 0.102448
v 0.067781 0.244663 -0.160656
v 0.067818 0.244664 -0.160584
v 0.067794 0.244675 -0.160618
v -0.062617 0.329994 0.086315
v -0.062530 0.330005 0.086353
v -0.062571 0.330009 0.086327
v 0.063878 0.243069 -0.159865
v 0.063885 0.243086 -0.159945
v 0.063876 0.243089 -0.159903
v -0.063428 0.326189 0.080939
v -0.063500 0.326244 0.080993
v -0.063462 0.326226 0.080959
v 0.063652 0.242959 -0.159873
v 0.063692 0.242968 -0.159808
v 0.063667 0.242975 -0.159839
v -0.063567 0.325534 0.080125
v -0.063489 0.325540 0.080146
v -0.063527 0.325547 0.080128
v 0.059011 0.241374 -0.157090
v 0.059021 0.241376 -0.157192
v 0.059012 0.241388 -0.157141
v 0.060084 0.241634 -0.157946
v 0.060133 0.241647 -0.157886
v 0.060105 0.241653 -0.157916
v -0.063195 0.321157 0.074058
v -0.063283 0.321218 0.074136
v -0.063238 0.321198 0.074090
v -0.063560 0.322931 0.076682
v -0.063482 0.322934 0.076699
v -0.063520 0.322943 0.076683
v 0.077065 0.247751 -0.159344
v 0.077026 0.247768 -0.159428
v 0.077042 0.247771 -0.159382
v 0.075669 0.247504 -0.159726
v 0.075690 0.247532 -0.159794
v 0.075675 0.247530 -0.159757
v -0.059074 0.335484 0.095154
v -0.059125 0.335541 0.095198
v -0.059097 0.335520 0.095171
v 0.071696 0.246207 -0.160460
v 0.071657 0.246215 -0.160538
v 0.071673 0.246223 -0.160496
v -0.059689 0.334790 0.093996
v -0.059817 0.334762 0.093897
v -0.059751 0.334784 0.093940
v 0.086679 0.248615 -0.155052
v 0.086712 0.248647 -0.155104
v 0.086693 0.248644 -0.155072
v -0.051366 0.338751 0.106077
v -0.051406 0.338812 0.106134
v -0.051382 0.338788 0.106102
v 0.083710 0.248650 -0.156692
v 0.083767 0.248617 -0.156593
v 0.083736 0.248646 -0.156637
v 0.096421 0.245453 -0.148810
v 0.096469 0.245480 -0.148853
v 0.096446 0.245478 -0.148823
v -0.042708 0.336337 0.114390
v -0.042688 0.336282 0.114317
v -0.042693 0.336314 0.114350
v 0.105128 0.235685 -0.140894
v 0.105028 0.235747 -0.140910
v 0.105082 0.235725 -0.140891
v 0.103701 0.238311 -0.142497
v 0.103760 0.238328 -0.142529
v 0.103734 0.238329 -0.142502
v -0.034354 0.328454 0.118626
v -0.034358 0.328493 0.118709
v -0.034349 0.328478 0.118666
v 0.107120 0.224749 -0.134380
v 0.107053 0.224805 -0.134380
v 0.107092 0.224783 -0.134370
v -0.027081 0.314946 0.118044
v -0.027145 0.315091 0.118001
v -0.027103 0.315022 0.118022
v 0.107122 0.228465 -0.136525
v 0.107191 0.228464 -0.136558
v 0.107162 0.228471 -0.136532
v -0.027629 0.316450 0.118349
v -0.027624 0.316473 0.118434
v -0.027618 0.316465 0.118391
v 0.106995 0.229627 -0.137322
v 0.106918 0.229680 -0.137324
v 0.106961 0.229661 -0.137313
v 0.102717 0.215870 -0.126475
v 0.102758 0.215803 -0.126469
v 0.102745 0.215842 -0.126463
v -0.021109 0.297235 0.107994
v -0.021124 0.297294 0.107943
v -0.021105 0.297268 0.107970
v 0.104918 0.217980 -0.129434
v 0.104872 0.218041 -0.129433
v 0.104901 0.218016 -0.129423
v 0.104972 0.218195 -0.129554
v 0.105043 0.218172 -0.129586
v 0.105014 0.218188 -0.129559
v -0.022338 0.301317 0.111248
v -0.022341 0.301330 0.111352
v -0.022328 0.301327 0.111300
v -0.022118 0.300444 0.110698
v -0.022134 0.300507 0.110651
v -0.022114 0.300479 0.110675
v 0.106409 0.221281 -0.132163
v 0.106353 0.221338 -0.132160
v 0.106387 0.221315 -0.132151
v -0.024116 0.306689 0.114714
v -0.024143 0.306769 0.114668
v -0.024118 0.306732 0.114691
v 0.086978 0.215573 -0.102889
v 0.086971 0.215635 -0.102912
v 0.086987 0.215608 -0.102895
v -0.007399 0.277184 0.075618
v -0.007406 0.277245 0.075593
v -0.007389 0.277218 0.075611
v 0.089034 0.214532 -0.106492
v 0.089025 0.214594 -0.106512
v 0.089042 0.214567 -0.106495
v 0.089176 0.214545 -0.106752
v 0.089366 0.214423 -0.107017
v 0.089283 0.214488 -0.106878
v -0.009692 0.279087 0.080250
v -0.009881 0.279212 0.080700
v -0.009773 0.279153 0.080479
v -0.009212 0.278574 0.079244
v -0.009217 0.278634 0.079216
v -0.009201 0.278608 0.079235
v -0.010914 0.280240 0.082806
v -0.010904 0.280177 0.082840
v -0.010896 0.280213 0.082827
v 0.094809 0.213095 -0.115774
v 0.094789 0.213162 -0.115792
v 0.094810 0.213134 -0.115776
v 0.091221 0.213828 -0.110099
v 0.091204 0.213895 -0.110121
v 0.091224 0.213867 -0.110104
v -0.014345 0.283966 0.090323
v -0.014336 0.283904 0.090359
v -0.014328 0.283939 0.090344
v -0.015814 0.285947 0.093808
v -0.015807 0.285887 0.093848
v -0.015798 0.285921 0.093831
v 0.097204 0.213216 -0.119232
v 0.097227 0.213149 -0.119219
v 0.097225 0.213188 -0.119218
v -0.017056 0.288176 0.097228
v -0.017064 0.288237 0.097190
v -0.017047 0.288210 0.097212
v 0.042469 0.242515 -0.135719
v 0.042527 0.242537 -0.135695
v 0.042495 0.242539 -0.135713
v -0.051908 0.304125 0.042788
v -0.051849 0.304147 0.042810
v -0.051881 0.304149 0.042793
v 0.044495 0.241492 -0.139344
v 0.044551 0.241515 -0.139317
v 0.044520 0.241517 -0.139336
v 0.044698 0.241468 -0.139560
v 0.044816 0.241389 -0.139878
v 0.044754 0.241442 -0.139723
v -0.054170 0.306010 0.047441
v -0.054430 0.306178 0.047839
v -0.054302 0.306107 0.047634
v -0.053741 0.305528 0.046398
v -0.053681 0.305549 0.046418
v -0.053714 0.305552 0.046401
v -0.055423 0.307125 0.050001
v -0.055357 0.307142 0.050024
v -0.055391 0.307146 0.050006
v -0.060075 0.312684 0.061194
v -0.060006 0.312697 0.061211
v -0.060041 0.312702 0.061196
v 0.046733 0.240757 -0.142914
v 0.046793 0.240778 -0.142880
v 0.046761 0.240781 -0.142901
v -0.058707 0.310762 0.057630
v -0.058639 0.310778 0.057650
v -0.058674 0.310782 0.057634
v 0.053117 0.239903 -0.151752
v 0.053064 0.239882 -0.151795
v 0.053087 0.239905 -0.151775
v 0.050539 0.239947 -0.148432
v 0.050482 0.239927 -0.148470
v 0.050508 0.239950 -0.148454
v -0.061176 0.314883 0.064684
v -0.061108 0.314898 0.064702
v -0.061143 0.314902 0.064685
v -0.061473 0.315855 0.066075
v -0.061571 0.315918 0.066168
v -0.061522 0.315897 0.066114
v 0.054423 0.240195 -0.153134
v 0.054434 0.240189 -0.153247
v 0.054425 0.240205 -0.153192
v 0.056012 0.240466 -0.154753
v 0.056067 0.240483 -0.154703
v 0.056036 0.240487 -0.154729
v -0.063127 0.320504 0.073149
v -0.063055 0.320518 0.073173
v -0.063091 0.320522 0.073154
v -0.122530 0.351344 0.215874
v -0.119925 0.354312 0.216227
v -0.107824 0.342441 0.226722
v -0.110429 0.339473 0.226369
v -0.124017 0.347698 0.216347
v -0.116596 0.356151 0.217352
v -0.113758 0.337634 0.225244
v -0.113051 0.356581 0.219078
v -0.117303 0.337204 0.223518
v -0.109830 0.355535 0.221142
v -0.120524 0.338250 0.221454
v -0.107423 0.353174 0.223230
v -0.122931 0.340611 0.219367
v -0.106197 0.349856 0.225023
v -0.124157 0.343929 0.217573
v -0.106337 0.346088 0.226250
v -0.150627 0.370020 0.287518
v -0.150515 0.370147 0.287533
v -0.149995 0.369637 0.287984
v -0.150107 0.369510 0.287969
v -0.150691 0.369863 0.287538
v -0.150372 0.370226 0.287582
v -0.150250 0.369431 0.287921
v -0.150220 0.370245 0.287656
v -0.150402 0.369412 0.287847
v -0.150081 0.370200 0.287744
v -0.150541 0.369457 0.287758
v -0.149978 0.370098 0.287834
v -0.150644 0.369559 0.287668
v -0.149925 0.369956 0.287911
v -0.150697 0.369701 0.287591
v -0.149931 0.369794 0.287964
v 0.200866 0.116208 -0.172548
v 0.193760 0.120846 -0.159109
v 0.027958 0.220871 -0.300088
v 0.020853 0.225510 -0.286649
v 0.225961 0.156774 -0.173281
v 0.218856 0.161412 -0.159842
v 0.053054 0.261437 -0.300821
v 0.045949 0.266076 -0.287382
v 0.102301 0.160716 -0.205682
v 0.086365 0.170362 -0.217437
v 0.125658 0.233877 -0.218584
v 0.141594 0.224231 -0.206830
v 0.062772 0.184412 -0.247645
v 0.042475 0.196624 -0.266757
v 0.064832 0.182555 -0.279880
v 0.053588 0.189891 -0.258854
v 0.081767 0.260138 -0.267904
v 0.102065 0.247926 -0.248792
v 0.104125 0.246070 -0.281028
v 0.092881 0.253406 -0.260001
v 0.174928 0.203822 -0.195047
v 0.198375 0.189554 -0.181892
v 0.198546 0.188915 -0.211380
v 0.187486 0.196140 -0.190218
v 0.159082 0.126039 -0.180744
v 0.135635 0.140307 -0.193900
v 0.159254 0.125400 -0.210232
v 0.148193 0.132625 -0.189071
v 0.104948 0.158231 -0.252585
v 0.120884 0.148585 -0.240831
v 0.160177 0.212099 -0.241978
v 0.144241 0.221746 -0.253733
v 0.126073 0.186615 -0.251213
v 0.127297 0.178625 -0.247808
v 0.119022 0.176440 -0.251429
v 0.125042 0.183614 -0.250722
v 0.125491 0.180689 -0.249476
v 0.129071 0.177551 -0.246500
v 0.136821 0.180109 -0.243285
v 0.130870 0.169267 -0.242689
v 0.131752 0.176899 -0.244857
v 0.134589 0.177835 -0.243681
v 0.139052 0.183715 -0.243350
v 0.137828 0.191706 -0.246755
v 0.146103 0.193891 -0.243134
v 0.140083 0.186716 -0.243841
v 0.139634 0.189641 -0.245088
v 0.136054 0.192779 -0.248064
v 0.128304 0.190222 -0.251278
v 0.134255 0.201063 -0.251874
v 0.133373 0.193431 -0.249706
v 0.130536 0.192495 -0.250883
v 0.159275 0.157749 -0.308291
v 0.158050 0.165739 -0.311696
v 0.157468 0.159814 -0.309959
v 0.157020 0.162739 -0.311205
v 0.168799 0.159233 -0.303768
v 0.161049 0.156675 -0.306983
v 0.166566 0.156960 -0.304164
v 0.163730 0.156024 -0.305341
v 0.169805 0.170830 -0.307239
v 0.171030 0.162840 -0.303833
v 0.171612 0.168765 -0.305571
v 0.172060 0.165841 -0.304324
v 0.160282 0.169346 -0.311762
v 0.168032 0.171904 -0.308547
v 0.162514 0.171619 -0.311366
v 0.165351 0.172555 -0.310189
v 0.150499 0.168305 -0.368968
v 0.147895 0.170065 -0.360768
v 0.146706 0.170956 -0.352113
v 0.146979 0.170946 -0.343335
v 0.148703 0.170035 -0.334772
v 0.151811 0.168256 -0.326753
v 0.156184 0.165680 -0.319586
v 0.157629 0.161853 -0.315481
v 0.169348 0.154759 -0.306856
v 0.201454 0.136421 -0.388988
v 0.194454 0.140695 -0.392128
v 0.187081 0.145229 -0.393608
v 0.179617 0.149851 -0.393371
v 0.172350 0.154382 -0.391426
v 0.165558 0.158648 -0.387847
v 0.159504 0.162485 -0.382773
v 0.154419 0.165746 -0.376399
v 0.151086 0.175222 -0.360861
v 0.153690 0.173463 -0.369062
v 0.149897 0.176114 -0.352206
v 0.150170 0.176104 -0.343428
v 0.151893 0.175192 -0.334865
v 0.155002 0.173414 -0.326846
v 0.159375 0.170838 -0.319680
v 0.163510 0.171360 -0.315653
v 0.175229 0.164266 -0.307027
v 0.204645 0.141578 -0.389082
v 0.197645 0.145852 -0.392222
v 0.190271 0.150387 -0.393701
v 0.182807 0.155009 -0.393464
v 0.175540 0.159540 -0.391519
v 0.168749 0.163806 -0.387941
v 0.162695 0.167643 -0.382867
v 0.157610 0.170904 -0.376492
v 0.144472 0.172162 -0.361868
v 0.147318 0.170239 -0.370831
v 0.143173 0.173137 -0.352408
v 0.143471 0.173126 -0.342815
v 0.145355 0.172129 -0.333457
v 0.148752 0.170186 -0.324693
v 0.153532 0.167371 -0.316860
v 0.154241 0.159960 -0.311721
v 0.165408 0.153199 -0.303500
v 0.203008 0.135392 -0.392711
v 0.195357 0.140063 -0.396142
v 0.187299 0.145020 -0.397760
v 0.179141 0.150071 -0.397500
v 0.171199 0.155023 -0.395374
v 0.163777 0.159685 -0.391464
v 0.157160 0.163879 -0.385918
v 0.151603 0.167442 -0.378951
v 0.147663 0.177320 -0.361961
v 0.150509 0.175397 -0.370924
v 0.146364 0.178294 -0.352502
v 0.146662 0.178283 -0.342908
v 0.148546 0.177287 -0.333550
v 0.151943 0.175344 -0.324786
v 0.156723 0.172528 -0.316953
v 0.163752 0.175334 -0.311999
v 0.174920 0.168574 -0.303778
v 0.206198 0.140550 -0.392804
v 0.198548 0.145221 -0.396235
v 0.190489 0.150177 -0.397853
v 0.182332 0.155228 -0.397593
v 0.174390 0.160180 -0.395468
v 0.166967 0.164843 -0.391557
v 0.160351 0.169036 -0.386011
v 0.154793 0.172600 -0.379044
v 0.218967 0.126672 -0.328888
v 0.215047 0.129231 -0.321458
v 0.209963 0.132492 -0.315083
v 0.203908 0.136329 -0.310009
v 0.197117 0.140595 -0.306431
v 0.189850 0.145126 -0.304486
v 0.182386 0.149748 -0.304248
v 0.175012 0.154283 -0.305728
v 0.207812 0.132572 -0.384309
v 0.213282 0.129297 -0.378270
v 0.217656 0.126721 -0.371103
v 0.220764 0.124943 -0.363084
v 0.222487 0.124031 -0.354522
v 0.222760 0.124021 -0.345744
v 0.221572 0.124913 -0.337088
v 0.218238 0.134389 -0.321551
v 0.222158 0.131830 -0.328981
v 0.213153 0.137650 -0.315176
v 0.207099 0.141487 -0.310102
v 0.200308 0.145753 -0.306524
v 0.193041 0.150284 -0.304579
v 0.185577 0.154906 -0.304341
v 0.178203 0.159441 -0.305821
v 0.211002 0.137730 -0.384402
v 0.216473 0.134455 -0.378363
v 0.220846 0.131879 -0.371196
v 0.223955 0.130101 -0.363178
v 0.225678 0.129189 -0.354615
v 0.225951 0.129179 -0.345837
v 0.224762 0.130071 -0.337182
v 0.217864 0.127535 -0.318905
v 0.222148 0.124738 -0.327026
v 0.212307 0.131099 -0.311938
v 0.205690 0.135293 -0.306393
v 0.198268 0.139955 -0.302482
v 0.190325 0.144907 -0.300356
v 0.182168 0.149958 -0.300097
v 0.174109 0.154914 -0.301714
v 0.209956 0.131186 -0.387596
v 0.215935 0.127607 -0.380996
v 0.220715 0.124791 -0.373164
v 0.224112 0.122848 -0.364400
v 0.225995 0.121852 -0.355041
v 0.226294 0.121841 -0.345448
v 0.224994 0.122815 -0.335988
v 0.221055 0.132693 -0.318998
v 0.225339 0.129896 -0.327119
v 0.215498 0.136257 -0.312031
v 0.208881 0.140450 -0.306486
v 0.201458 0.145113 -0.302575
v 0.193516 0.150064 -0.300449
v 0.185359 0.155116 -0.300190
v 0.177300 0.160072 -0.301807
v 0.213147 0.136344 -0.387690
v 0.219125 0.132764 -0.381089
v 0.223905 0.129949 -0.373257
v 0.227302 0.128006 -0.364493
v 0.229186 0.127009 -0.355134
v 0.229484 0.126998 -0.345541
v 0.228185 0.127973 -0.336081
v 0.134949 0.227811 -0.236158
v 0.150885 0.218165 -0.224404
v 0.103095 0.246998 -0.264910
v 0.186737 0.196368 -0.203213
v 0.111592 0.154650 -0.223256
v 0.095657 0.164296 -0.235011
v 0.063802 0.183483 -0.263762
v 0.147444 0.132854 -0.202066
v 0.024406 0.223191 -0.293369
v 0.049501 0.263756 -0.294102
v 0.053653 0.189589 -0.273318
v 0.092946 0.253104 -0.274466
v 0.197313 0.118527 -0.165828
v 0.222409 0.159093 -0.166561
v 0.198461 0.189234 -0.196636
v 0.159168 0.125720 -0.195488
v 0.040506 0.241154 -0.300455
v 0.033401 0.245793 -0.287016
v 0.213413 0.136491 -0.172914
v 0.206308 0.141129 -0.159475
v 0.106011 0.202120 -0.218010
v 0.121947 0.192473 -0.206256
v 0.124595 0.189988 -0.253159
v 0.140530 0.180342 -0.241404
v 0.082419 0.216169 -0.248218
v 0.073234 0.221649 -0.259427
v 0.062121 0.228381 -0.267331
v 0.178729 0.157796 -0.181318
v 0.167839 0.164383 -0.189644
v 0.155281 0.172064 -0.194473
v 0.084478 0.214313 -0.280454
v 0.178900 0.157158 -0.210806
v 0.036954 0.243474 -0.293735
v 0.209861 0.138810 -0.166195
v 0.153275 0.129305 -0.198794
v 0.058754 0.186520 -0.268515
v 0.098047 0.250035 -0.269663
v 0.192568 0.192820 -0.199942
vn -0.8323 0.2108 -0.5128
vn -0.7895 0.3156 -0.5264
vn -0.3567 0.8087 -0.4677
vn -0.2609 0.8616 -0.4353
vn -0.8944 -0.1623 -0.4168
vn -0.8903 -0.0539 -0.4521
vn -0.8203 -0.5107 -0.2575
vn -0.8556 -0.4152 -0.3090
vn -0.6214 -0.7813 -0.0589
vn -0.6906 -0.7134 -0.1189
vn -0.3279 -0.9330 0.1487
vn -0.4205 -0.9029 0.0893
vn 0.0156 -0.9426 0.3336
vn -0.0864 -0.9549 0.2839
vn 0.3567 -0.8087 0.4677
vn 0.2609 -0.8616 0.4353
vn 0.6434 -0.5517 0.5306
vn 0.5685 -0.6371 0.5205
vn 0.8323 -0.2108 0.5128
vn 0.7895 -0.3156 0.5264
vn 0.8944 0.1623 0.4168
vn 0.8903 0.0539 0.4521
vn 0.8203 0.5107 0.2575
vn 0.8556 0.4152 0.3090
vn 0.6214 0.7813 0.0589
vn 0.6906 0.7134 0.1189
vn 0.3279 0.9330 -0.1487
vn 0.4205 0.9029 -0.0893
vn -0.0156 0.9426 -0.3336
vn 0.0864 0.9549 -0.2839
vn -0.4671 0.7300 -0.4989
vn -0.5685 0.6371 -0.5205
vn -0.1396 0.9109 -0.3882
vn 0.2091 0.9532 -0.2184
vn 0.5260 0.8503 -0.0154
vn 0.7629 0.6180 0.1900
vn 0.8835 0.2916 0.3665
vn 0.8697 -0.0792 0.4872
vn 0.7235 -0.4379 0.5337
vn 0.4671 -0.7300 0.4989
vn 0.1396 -0.9109 0.3882
vn -0.2091 -0.9532 0.2184
vn -0.5260 -0.8503 0.0154
vn -0.7629 -0.6180 -0.1900
vn -0.8835 -0.2916 -0.3665
vn -0.8697 0.0792 -0.4872
vn -0.7235 0.4379 -0.5337
vn -0.6434 0.5517 -0.5306
vn 0.4554 0.8837 0.1079
vn 0.6778 0.6580 0.3281
vn 0.6896 0.6539 0.3111
vn 0.7968 0.3361 0.5021
vn 0.8090 0.3310 0.4857
vn 0.7832 -0.0295 0.6211
vn 0.7954 -0.0359 0.6051
vn 0.6507 -0.3908 0.6511
vn 0.6390 -0.3832 0.6670
vn 0.7151 0.0033 0.6990
vn 0.5590 -0.3321 0.7597
vn 0.5744 -0.3419 0.7437
vn 0.3862 -0.6712 0.6327
vn 0.3970 -0.6797 0.6167
vn 0.0633 -0.8496 0.5235
vn 0.0730 -0.8587 0.5072
vn 0.4471 -0.2918 -0.8456
vn -0.4471 0.2918 0.8456
vn -0.4470 0.2919 0.8456
vn -0.4470 0.2918 0.8456
vn -0.4029 0.7783 -0.4816
vn -0.3654 0.8033 -0.4704
vn -0.5033 0.6994 -0.5075
vn 0.4470 -0.2918 -0.8456
vn 0.8182 -0.2487 0.5184
vn 0.8496 -0.1572 0.5034
vn 0.8643 -0.1025 0.4924
vn 0.8945 0.1376 0.4254
vn 0.8920 0.2158 0.3971
vn 0.8894 0.0438 0.4551
vn 0.8840 -0.0007 0.4676
vn 0.7713 0.6044 0.1992
vn 0.8262 0.4970 0.2653
vn -0.2077 0.6344 0.7445
vn -0.4008 0.5722 0.7155
vn -0.2510 0.4106 0.8766
vn 0.6245 0.7786 0.0615
vn 0.3206 0.9348 -0.1531
vn 0.1931 0.9545 -0.2274
vn -0.1474 0.9083 -0.3914
vn -0.0666 0.9318 -0.3568
vn -0.0330 0.9393 -0.3416
vn -0.1675 0.9013 -0.3996
vn -0.2160 -0.9486 0.2314
vn -0.5329 -0.8457 0.0284
vn -0.8198 -0.5689 -0.0649
vn -0.9456 -0.2390 -0.2206
vn -0.9392 -0.2460 -0.2395
vn -0.5712 0.7819 -0.2498
vn -0.2655 0.9565 -0.1210
vn -0.2561 0.9560 -0.1433
vn 0.3277 -0.6230 0.7103
vn 0.0012 -0.7840 0.6208
vn 0.0126 -0.7971 0.6038
vn 0.1418 0.9855 -0.0930
vn 0.4443 0.8870 0.1256
vn -0.2720 -0.9005 0.3392
vn -0.5931 -0.7899 0.1559
vn -0.5855 -0.7988 0.1383
vn -0.9255 0.1208 -0.3589
vn -0.7878 0.4804 -0.3855
vn -0.7809 0.4758 -0.4049
vn -0.2032 0.9437 -0.2610
vn 0.1318 0.9885 -0.0746
vn -0.5272 0.7647 -0.3705
vn -0.2121 0.9468 -0.2421
vn -0.9320 0.1267 -0.3396
vn -0.8266 -0.5608 -0.0466
vn -0.2806 -0.8913 0.3561
vn 0.6123 0.6741 0.4131
vn 0.7119 0.3648 0.6000
vn 0.7285 0.3600 0.5829
vn -0.6279 -0.7387 0.2450
vn -0.8609 -0.5041 0.0684
vn -0.8558 -0.5152 0.0474
vn 0.3845 0.8977 0.2154
vn 0.5967 0.6766 0.4314
vn -0.3319 -0.8243 0.4586
vn -0.6347 -0.7261 0.2646
vn 0.0677 0.9969 0.0412
vn 0.3704 0.8986 0.2352
vn -0.3230 -0.8377 0.4404
vn 0.0795 0.9966 0.0201
vn -0.9586 0.1557 -0.2385
vn -0.8233 0.5046 -0.2599
vn -0.8179 0.5008 -0.2833
vn 0.3141 -0.6111 0.7265
vn 0.6987 0.0106 0.7153
vn -0.9762 -0.1923 -0.1002
vn -0.9719 -0.2011 -0.1224
vn 0.4157 0.8935 0.1698
vn -0.3018 -0.8664 0.3979
vn -0.6110 -0.7660 0.1997
vn 0.1064 0.9939 -0.0284
vn 0.0386 -0.8252 0.5636
vn -0.2339 0.9527 -0.1941
vn 0.3581 -0.6486 0.6716
vn -0.5535 0.7761 -0.3021
vn -0.5350 0.7684 -0.3512
vn 0.6083 -0.3636 0.7055
vn -0.9464 0.1410 -0.2906
vn -0.8037 0.4911 -0.3360
vn 0.7510 -0.0135 0.6601
vn -0.9599 -0.2208 -0.1729
vn 0.7645 0.3483 0.5424
vn -0.8421 -0.5393 -0.0007
vn 0.6468 0.6668 0.3702
vn -0.9630 0.1619 -0.2155
vn -0.5784 0.7836 -0.2267
vn -0.5962 0.6075 -0.5249
vn -0.6070 0.5954 -0.5264
vn 0.4470 -0.2919 -0.8456
vn -0.3093 0.8365 -0.4523
vn -0.3814 0.7929 -0.4753
vn 0.0714 0.9539 -0.2915
vn -0.2117 0.8839 -0.4170
vn -0.2832 0.8505 -0.4433
vn 0.4167 0.9044 -0.0919
vn 0.6956 0.7078 0.1235
vn 0.8605 0.3984 0.3174
vn 0.8873 0.0249 0.4605
vn 0.8938 0.1083 0.4352
vn 0.8875 0.2626 0.3786
vn 0.7703 -0.3549 0.5298
vn 0.8122 -0.2636 0.5204
vn 0.6778 -0.5063 0.5331
vn 0.7642 -0.3666 0.5306
vn 0.7308 0.5191 -0.4432
vn 0.8185 0.3049 -0.4869
vn 0.6765 0.5556 -0.4835
vn -0.5282 0.6768 -0.5128
vn -0.0213 0.7526 0.6581
vn 0.3274 0.8184 0.4723
vn -0.0190 0.7636 0.6454
vn 0.0848 0.9548 -0.2848
vn 0.1370 0.9565 -0.2577
vn 0.1194 0.8895 0.4410
vn -0.1477 0.8403 0.5216
vn 0.2147 0.8754 0.4330
vn 0.4470 -0.2920 -0.8456
vn -0.4164 0.6400 0.6458
vn -0.1362 0.7448 0.6533
vn -0.0175 0.9422 -0.3345
vn 0.8210 0.5092 0.2583
vn 0.8562 0.4134 0.3100
vn 0.8945 0.1530 0.4201
vn -0.1812 0.3330 0.9253
vn -0.4261 0.5732 0.6999
vn -0.5063 0.5356 0.6758
vn 0.8586 -0.1250 0.4971
vn 0.6494 0.6854 -0.3294
vn 0.7039 0.6403 -0.3074
vn 0.8135 0.4198 -0.4026
vn 0.7986 0.5560 0.2304
vn 0.8847 0.2835 0.3699
vn -0.7642 0.3666 -0.5306
vn -0.5165 0.5311 0.6717
vn -0.1612 0.5954 0.7871
vn -0.3039 0.6327 0.7123
vn -0.6778 0.5063 -0.5331
vn 0.3767 0.8998 0.2201
vn 0.4477 0.8846 0.1305
vn 0.6613 0.7478 0.0584
vn 0.8211 -0.2411 0.5173
vn 0.4629 0.8829 0.0785
vn 0.5200 0.8540 0.0156
vn 0.7294 0.6813 -0.0614
vn 0.8691 0.3654 0.3334
vn 0.3041 0.8947 0.3271
vn 0.1958 0.9147 0.3536
vn -0.2694 0.8575 -0.4384
vn 0.7407 0.4903 -0.4593
vn 0.7893 0.3827 -0.4802
vn 0.6245 0.5145 -0.5876
vn 0.5423 0.8397 -0.0274
vn 0.7471 0.6558 -0.1086
vn 0.6902 0.5668 -0.4498
vn 0.5209 0.7911 -0.3207
vn 0.7240 0.5527 -0.4127
vn 0.6734 0.5875 -0.4488
vn 0.5824 0.7992 -0.1487
vn 0.6252 0.7504 -0.2144
vn 0.7917 0.5481 -0.2698
vn 0.5646 0.8225 -0.0684
vn 0.7598 0.6338 -0.1451
vn 0.7625 0.6230 -0.1743
vn 0.6098 0.7909 -0.0511
vn -0.2333 0.6251 0.7448
vn -0.5040 0.5779 0.6419
vn 0.7374 0.4740 -0.4812
vn 0.8097 0.2796 -0.5160
vn 0.6307 0.7224 -0.2834
vn 0.6848 0.6880 -0.2402
vn -0.5907 0.6135 -0.5241
vn 0.6472 0.7103 -0.2769
vn 0.4144 0.9085 0.0543
vn 0.4840 0.8718 0.0748
vn 0.5993 0.7861 -0.1516
vn 0.2855 0.8967 0.3384
vn 0.3960 0.8946 0.2072
vn -0.3532 0.8067 -0.4738
vn -0.0488 0.9883 0.1447
vn -0.3259 0.9340 -0.1465
vn -0.3092 0.8329 0.4590
vn -0.5440 0.7723 -0.3281
vn -0.2215 0.1196 -0.9678
vn -0.7947 0.4852 -0.3647
vn -0.0677 0.3689 -0.9270
vn 0.4483 -0.2924 -0.8447
vn -0.2633 0.1459 -0.9536
vn 0.5325 0.5065 -0.6782
vn 0.1611 0.9264 -0.3403
vn 0.4174 0.7843 -0.4590
vn -0.4714 0.7333 -0.4899
vn -0.3997 0.7793 -0.4826
vn 0.3731 -0.6607 0.6514
vn 0.8334 -0.5191 -0.1897
vn 0.6262 -0.3752 0.6834
vn 0.6452 -0.7459 -0.1654
vn 0.4452 -0.2907 -0.8469
vn 0.8408 -0.5227 -0.1407
vn 0.4485 -0.2920 -0.8448
vn -0.3283 -0.1420 -0.9339
vn 0.5402 0.5148 -0.6657
vn 0.6131 0.7313 -0.2986
vn 0.6029 0.6045 -0.5206
vn 0.2066 0.9570 -0.2036
vn 0.3264 0.9345 -0.1418
vn -0.4447 0.7150 -0.5394
vn -0.8195 0.5116 0.2584
vn -0.7020 0.4239 -0.5722
vn -0.6464 0.7263 0.2339
vn -0.4460 0.2912 0.8464
vn -0.8299 0.5172 0.2091
vn 0.8204 0.3137 -0.4781
vn 0.8231 0.4204 -0.3817
vn 0.8996 0.3911 -0.1943
vn 0.8161 0.5145 0.2631
vn 0.4882 -0.7435 0.4571
vn 0.1631 -0.0830 0.9831
vn 0.7434 -0.4509 0.4940
vn 0.0218 -0.3181 0.9478
vn -0.4481 0.2925 0.8448
vn 0.2052 -0.1094 0.9726
vn 0.8695 0.3651 0.3327
vn 0.6831 0.4639 0.5641
vn 0.8873 0.2903 0.3583
vn 0.3689 0.1981 0.9081
vn -0.4459 0.2915 0.8463
vn -0.9188 0.2679 0.2900
vn 0.8912 0.3815 0.2452
vn 0.3669 0.5048 0.7814
vn 0.7640 -0.3681 0.5299
vn 0.7910 -0.3186 0.5224
vn 0.2120 0.9597 -0.1847
vn -0.4036 0.9125 0.0666
vn -0.7641 0.3668 -0.5306
vn -0.3958 0.9127 0.1017
vn 0.1724 0.9827 -0.0679
vn -0.6751 0.5108 -0.5322
vn -0.4465 0.2909 0.8461
vn -0.7939 0.4974 0.3499
vn -0.4462 0.2913 0.8462
vn -0.6329 0.6540 0.4143
vn -0.8120 0.4968 -0.3064
vn -0.7786 0.4888 0.3934
vn -0.4476 0.2927 0.8450
vn 0.0828 -0.0332 0.9960
vn -0.1030 -0.1741 0.9793
vn 0.5894 -0.3515 0.7274
vn 0.0424 -0.0082 0.9991
vn -0.9536 0.1492 -0.2614
vn -0.8823 0.2804 0.3781
vn -0.4457 0.2905 0.8467
vn -0.8300 0.5171 0.2091
vn -0.4460 0.2911 0.8464
vn -0.4450 0.7148 -0.5395
vn -0.7021 0.4239 -0.5722
vn -0.4476 0.2932 0.8448
vn 0.2059 -0.1098 0.9724
vn -0.4471 0.2919 0.8455
vn -0.0111 -0.2815 0.9595
vn 0.1631 -0.0831 0.9831
vn -0.9180 0.2683 0.2919
vn -0.9346 0.2603 0.2423
vn -0.7435 0.4510 -0.4937
vn -0.1390 0.2207 -0.9654
vn -0.6439 0.5537 -0.5281
vn -0.1464 0.0727 -0.9865
vn 0.4375 -0.2847 -0.8529
vn -0.1969 0.2111 -0.9574
vn 0.4403 -0.2832 -0.8520
vn -0.5706 0.6365 -0.5190
vn -0.1604 0.9236 -0.3483
vn 0.3222 0.4870 -0.8118
vn -0.0147 0.9435 -0.3311
vn 0.2413 0.3867 -0.8901
vn 0.4462 -0.2799 -0.8500
vn 0.2708 0.5137 -0.8141
vn 0.3719 0.5254 -0.7653
vn 0.3447 0.4878 -0.8020
vn 0.5045 0.8631 0.0243
vn 0.7766 0.3493 -0.5242
vn 0.6216 0.7809 0.0613
vn 0.6836 0.3465 -0.6424
vn 0.4553 -0.2803 -0.8451
vn 0.7531 0.4018 -0.5209
vn 0.4565 -0.2828 -0.8436
vn 0.7914 0.3334 -0.5125
vn 0.8617 0.3050 0.4056
vn 0.9565 -0.1100 -0.2702
vn 0.8935 0.1613 0.4191
vn 0.9210 -0.0246 -0.3887
vn 0.4584 -0.2889 -0.8405
vn 0.9669 -0.0571 -0.2486
vn 0.9627 -0.1651 -0.2145
vn 0.9550 -0.1342 -0.2645
vn 0.7018 -0.4238 0.5725
vn 0.7562 -0.6233 -0.1991
vn 0.6416 -0.5523 0.5322
vn 0.8148 -0.5090 -0.2776
vn 0.4556 -0.2983 -0.8387
vn 0.7868 -0.5966 -0.1579
vn 0.7128 -0.6808 -0.1686
vn 0.7398 -0.6414 -0.2032
vn 0.1186 -0.8963 0.4273
vn 0.2936 -0.8879 -0.3541
vn 0.0131 -0.9420 0.3354
vn 0.4272 -0.8231 -0.3743
vn 0.4478 -0.3051 -0.8405
vn 0.3193 -0.8982 -0.3020
vn 0.4450 -0.3044 -0.8422
vn -0.0857 -0.9543 0.2863
vn -0.5463 -0.8358 0.0548
vn -0.1612 -0.7513 -0.6400
vn -0.6233 -0.7798 -0.0582
vn -0.0152 -0.7829 -0.6219
vn 0.4394 -0.3024 -0.8458
vn -0.1642 -0.7875 -0.5940
vn -0.2312 -0.7197 -0.6547
vn -0.1746 -0.7360 -0.6541
vn -0.9035 -0.2777 -0.3265
vn -0.3412 -0.2917 -0.8936
vn -0.8953 -0.1602 -0.4157
vn -0.2526 -0.4117 -0.8756
vn 0.4357 -0.2945 -0.8505
vn -0.3776 -0.3276 -0.8661
vn -0.3726 -0.2202 -0.9015
vn -0.3383 -0.2684 -0.9020
vn 0.5293 0.4809 -0.6989
vn 0.2520 0.9027 -0.3487
vn 0.4634 0.7374 -0.4915
vn -0.3587 0.8107 -0.4627
vn -0.3077 0.8368 -0.4529
vn 0.1555 0.6023 -0.7829
vn 0.1952 0.8189 0.5398
vn -0.0649 0.5032 0.8617
vn 0.8586 0.4133 0.3032
vn 0.8215 0.5099 0.2554
vn -0.3503 0.8957 0.2739
vn -0.3002 0.6063 0.7364
vn 0.4232 0.9011 -0.0943
vn 0.3301 0.9315 -0.1531
vn 0.2040 0.4644 -0.8618
vn -0.0376 0.3356 -0.9413
vn 0.1823 0.5068 -0.8425
vn 0.4479 -0.2929 -0.8447
vn -0.5715 0.6372 -0.5171
vn 0.1046 0.5877 -0.8023
vn -0.1729 0.9248 -0.3390
vn 0.4083 -0.8629 -0.2978
vn 0.6466 -0.7332 -0.2107
vn 0.3955 -0.8838 -0.2500
vn 0.4462 -0.2908 -0.8464
vn 0.2017 0.7624 0.6148
vn -0.1518 0.4225 0.8936
vn -0.4235 0.8317 0.3589
vn -0.6454 0.7113 0.2785
vn -0.4122 0.8556 0.3131
vn -0.4463 0.2909 0.8463
vn 0.7993 0.5555 0.2292
vn 0.3790 0.2755 0.8834
vn -0.2334 -0.4044 0.8843
vn -0.0087 -0.2843 0.9587
vn -0.2125 -0.4478 0.8685
vn -0.4477 0.2931 0.8448
vn 0.8482 -0.1588 0.5053
vn 0.9031 0.2962 0.3109
vn 0.8651 -0.0757 0.4959
vn 0.8453 0.4952 0.2005
vn 0.8397 0.5224 -0.1484
vn 0.9847 0.0658 -0.1612
vn 0.6741 -0.5108 0.5335
vn 0.6786 0.3344 0.6539
vn 0.7187 -0.4435 0.5355
vn 0.6392 0.3798 0.6687
vn 0.6009 0.7598 0.2483
vn 0.9906 0.1239 -0.0585
vn -0.3008 0.9089 0.2887
vn 0.2757 0.9551 0.1086
vn -0.5132 0.8382 0.1845
vn -0.6423 0.5491 -0.5348
vn -0.6799 0.5044 -0.5323
vn -0.4064 0.7165 -0.5670
vn -0.6776 0.5065 -0.5332
vn 0.0742 0.5653 -0.8215
vn -0.0186 0.9692 -0.2454
vn -0.6059 0.5963 -0.5266
vn -0.6782 0.5049 -0.5339
vn -0.5324 0.7645 -0.3634
vn 0.8766 0.2979 0.3780
vn 0.8563 0.5140 0.0502
vn 0.8519 0.4190 0.3141
vn 0.7826 0.6116 -0.1162
vn 0.7998 0.4969 -0.3368
vn -0.4469 0.2900 0.8463
vn -0.6387 0.6742 0.3709
vn -0.2456 0.9548 -0.1673
vn -0.5646 0.7800 -0.2699
vn -0.4472 0.2937 0.8449
vn -0.0730 -0.2096 0.9751
vn -0.2895 -0.2755 0.9167
vn 0.3411 -0.6344 0.6936
vn -0.4124 0.8557 0.3125
vn -0.6462 0.7259 0.2353
vn -0.4228 0.8329 0.3571
vn -0.6457 0.7110 0.2785
vn -0.4476 0.2936 0.8446
vn 0.0219 -0.3180 0.9479
vn -0.2335 -0.4044 0.8843
vn 0.4872 -0.7428 0.4592
vn 0.4373 -0.2872 -0.8522
vn -0.2931 0.0570 -0.9544
vn -0.2767 0.0020 -0.9609
vn -0.7910 0.3148 -0.5246
vn 0.4445 -0.2805 -0.8508
vn 0.1105 0.4613 -0.8803
vn 0.0943 0.4121 -0.9062
vn -0.2633 0.8615 -0.4341
vn 0.6484 0.5858 -0.4862
vn 0.4554 0.5687 -0.6850
vn 0.5142 0.4168 -0.7496
vn 0.3657 0.8509 -0.3770
vn -0.1442 0.9158 -0.3749
vn 0.4530 -0.2805 -0.8462
vn 0.6216 0.4826 -0.6170
vn 0.5898 0.4625 -0.6620
vn 0.4184 0.9040 -0.0885
vn 0.4581 -0.2870 -0.8413
vn 0.9415 0.1085 -0.3191
vn 0.9197 0.1242 -0.3725
vn 0.8540 0.4172 0.3109
vn 0.4567 -0.2964 -0.8388
vn 0.8826 -0.4419 -0.1607
vn 0.8921 -0.4037 -0.2029
vn 0.7892 -0.3137 0.5279
vn 0.4496 -0.3031 -0.8402
vn 0.4788 -0.8460 -0.2343
vn 0.5210 -0.8138 -0.2575
vn 0.2615 -0.8604 0.4374
vn 0.4406 -0.3041 -0.8447
vn -0.0312 -0.8664 -0.4983
vn 0.0272 -0.8638 -0.5032
vn -0.4209 -0.9024 0.0926
vn 0.4348 -0.2970 -0.8501
vn -0.3510 -0.4927 -0.7963
vn -0.3029 -0.5269 -0.7941
vn -0.8565 -0.4156 -0.3060
vn -0.2841 -0.0214 -0.9585
vn -0.3346 -0.0468 -0.9412
vn -0.6430 0.7409 0.1940
vn 0.4609 0.7454 -0.4816
vn 0.5514 0.5303 -0.6440
vn -0.2215 0.9496 -0.2219
vn 0.4584 0.4954 -0.7379
vn 0.4484 0.5387 -0.7133
vn 0.4473 -0.2933 -0.8449
vn 0.1080 0.9360 -0.3350
vn -0.5304 0.6758 -0.5117
vn -0.2908 -0.8798 0.3761
vn 0.0547 -0.8415 0.5374
vn 0.1287 -0.9165 -0.3787
vn 0.4469 -0.2902 -0.8462
vn -0.6254 0.7568 0.1902
vn -0.2118 0.8838 -0.4171
vn -0.2582 0.8613 -0.4375
vn 0.4182 0.9046 -0.0826
vn 0.5174 0.7436 -0.4235
vn 0.8921 0.2157 0.3971
vn 0.7167 0.3811 0.5840
vn 0.8958 0.1629 0.4136
vn 0.1923 0.2565 0.9472
vn 0.1792 0.5676 0.8036
vn 0.1600 -0.9235 0.3486
vn -0.4706 -0.4312 0.7698
vn -0.4619 -0.4788 0.7466
vn -0.4473 0.2931 0.8450
vn 0.6340 0.6754 0.3767
vn 0.7663 -0.3617 0.5310
vn 0.7642 -0.3667 0.5306
vn -0.2293 0.8093 0.5408
vn -0.4407 0.7831 0.4389
vn -0.2496 0.7811 0.5723
vn -0.4468 0.7588 0.4739
vn -0.4824 -0.3449 0.8051
vn -0.2716 -0.3181 0.9083
vn -0.3131 -0.8515 0.4207
vn 0.0224 -0.8082 0.5885
vn -0.4475 0.2895 0.8461
vn -0.4473 0.2914 0.8456
vn -0.1871 0.8604 0.4740
vn -0.1187 0.8965 -0.4269
vn -0.2092 0.8840 -0.4180
vn -0.2636 0.8638 -0.4293
vn -0.4619 -0.4774 0.7475
vn -0.2133 -0.4468 0.8688
vn -0.4701 -0.4328 0.7692
vn 0.1601 -0.9235 0.3486
vn 0.8498 -0.1577 0.5030
vn 0.7440 0.1078 0.6594
vn 0.8493 -0.1544 0.5048
vn 0.3145 0.1572 0.9362
vn -0.1345 0.9086 -0.3954
vn -0.1738 0.9824 -0.0679
vn -0.2833 0.8054 0.5207
vn 0.2297 0.9386 -0.2573
vn -0.1207 0.8978 -0.4236
vn -0.1627 0.8858 0.4346
vn -0.4468 0.2905 0.8461
vn 0.1211 0.9911 -0.0549
vn 0.6895 0.4182 -0.5914
vn 0.6903 0.4607 -0.5578
vn 0.4464 -0.2938 -0.8452
vn -0.0661 0.9316 -0.3575
vn -0.3991 0.9163 -0.0343
vn -0.0757 -0.8188 -0.5690
vn 0.1514 -0.8967 -0.4160
vn 0.4480 -0.2902 -0.8456
vn 0.4471 -0.2918 -0.8455
vn -0.5220 0.5446 0.6565
vn -0.1347 0.3526 0.9260
vn -0.2572 0.9129 0.3170
vn 0.5461 0.8359 -0.0544
vn -0.1861 0.8615 0.4724
vn 0.0641 0.8123 0.5798
vn -0.4473 0.2905 0.8459
vn -0.1553 0.1989 0.9676
vn -0.5048 -0.8629 -0.0237
vn -0.1901 -0.9647 0.1823
vn -0.4458 0.2939 0.8455
vn 0.9914 0.1018 -0.0816
vn 0.7644 -0.3664 0.5305
vn 0.7668 -0.3624 0.5298
vn 0.7625 -0.3687 0.5316
vn 0.8256 0.2760 0.4922
vn 0.7864 -0.3174 0.5299
vn 0.7804 0.4405 0.4437
vn 0.7651 0.6420 0.0497
vn 0.0463 0.6393 -0.7675
vn -0.5456 0.6551 -0.5226
vn -0.4474 0.2906 0.8458
vn -0.0374 0.7470 0.6637
vn -0.0695 0.7229 0.6875
vn 0.0911 0.9958 -0.0010
vn -0.4469 0.2928 0.8453
vn -0.6742 -0.2825 0.6824
vn -0.6668 -0.2423 0.7048
vn -0.4866 -0.3029 0.8195
vn 0.0645 0.8126 0.5793
vn -0.1635 0.8851 0.4358
vn 0.5463 0.8358 -0.0548
vn 0.2279 0.9400 -0.2541
vn -0.4464 0.2938 0.8452
vn -0.6887 -0.4051 0.6013
vn -0.6854 -0.3634 0.6309
vn -0.1882 -0.9656 0.1794
vn 0.2196 0.7151 0.6637
vn 0.4869 0.6834 0.5440
vn 0.8125 -0.2619 0.5208
vn 0.4626 0.6685 0.5823
vn 0.8936 0.0521 0.4459
vn 0.6646 0.6622 0.3461
vn 0.4347 0.8895 0.1408
vn 0.8711 0.2832 -0.4012
vn 0.4463 -0.2930 -0.8456
vn 0.5163 0.4465 -0.7308
vn 0.4935 0.5907 -0.6384
vn -0.0171 0.9450 -0.3267
vn -0.8344 -0.5507 -0.0251
vn -0.5994 -0.7820 0.1710
vn -0.2938 -0.6605 -0.6910
vn -0.1120 -0.8372 -0.5353
vn 0.7243 0.5426 -0.4253
vn 0.5860 0.5611 -0.5846
vn 0.6174 0.7840 0.0643
vn 0.7837 0.6031 0.1487
vn 0.0290 0.7916 0.6103
vn 0.2334 0.6461 0.7267
vn -0.4477 0.2907 0.8456
vn 0.8345 -0.2122 0.5085
vn 0.8614 0.2459 0.4443
vn -0.7413 -0.6309 -0.2289
vn -0.6853 -0.3632 0.6312
vn -0.8583 -0.2388 0.4542
vn -0.6886 -0.4031 0.6028
vn 0.8506 0.5081 -0.1351
vn 0.8510 -0.1550 0.5018
vn 0.7617 0.6273 0.1624
vn 0.6780 -0.5061 0.5331
vn -0.7282 0.4324 -0.5318
vn 0.0822 0.6780 -0.7305
vn -0.3249 0.9418 -0.0863
vn 0.4922 0.7875 -0.3709
vn 0.0744 0.5664 -0.8208
vn -0.4478 0.2913 0.8453
vn -0.4474 0.2912 0.8456
vn 0.0649 0.5911 0.8040
vn 0.3983 0.8962 0.1955
vn -0.4461 0.2927 0.8458
vn -0.4467 0.2924 0.8456
vn -0.8010 -0.1105 0.5883
vn -0.6208 -0.7509 0.2252
vn -0.4485 0.2904 0.8453
vn 0.0293 0.7918 0.6101
vn 0.7827 0.6038 0.1510
vn -0.4456 0.2933 0.8458
vn -0.8457 -0.2041 0.4932
vn -0.5046 -0.8630 -0.0241
vn -0.6062 0.5968 -0.5257
vn -0.2276 0.9052 -0.3590
vn -0.5662 0.6357 -0.5247
vn 0.0383 0.9890 0.1425
vn -0.4875 0.7428 -0.4590
vn 0.0744 0.3987 -0.9140
vn -0.3567 0.8103 -0.4649
vn 0.0238 0.2666 -0.9635
vn 0.4415 -0.2808 -0.8522
vn 0.0159 0.4080 -0.9128
vn 0.1880 0.9658 -0.1788
vn 0.5699 0.4674 -0.6758
vn 0.3277 0.9335 -0.1455
vn 0.4730 0.4148 -0.7773
vn 0.4509 -0.2787 -0.8480
vn 0.5300 0.5107 -0.6769
vn 0.7411 0.6310 0.2293
vn 0.9126 0.1459 -0.3820
vn 0.8201 0.5099 0.2598
vn 0.8409 0.1924 -0.5058
vn 0.4584 -0.2836 -0.8423
vn 0.9065 0.2017 -0.3710
vn 0.8479 -0.0655 0.5261
vn 0.9009 -0.3811 -0.2078
vn 0.8305 -0.2112 0.5155
vn 0.9118 -0.2709 -0.3085
vn 0.4589 -0.2940 -0.8384
vn 0.9246 -0.3384 -0.1748
vn 0.4458 -0.7155 0.5378
vn 0.5423 -0.8014 -0.2525
vn 0.3542 -0.8086 0.4697
vn 0.6446 -0.7029 -0.3007
vn 0.4525 -0.3028 -0.8388
vn 0.5745 -0.7929 -0.2033
vn -0.2297 -0.9385 0.2577
vn 0.0463 -0.8710 -0.4891
vn -0.3300 -0.9321 0.1495
vn 0.1955 -0.8512 -0.4871
vn 0.4432 -0.3042 -0.8432
vn 0.0596 -0.8966 -0.4388
vn -0.7829 -0.6037 -0.1502
vn -0.2971 -0.5477 -0.7821
vn -0.8217 -0.5090 -0.2564
vn -0.1726 -0.6287 -0.7583
vn 0.4368 -0.2991 -0.8484
vn -0.3169 -0.5871 -0.7449
vn -0.8896 0.0928 -0.4472
vn -0.8331 0.2130 -0.5105
vn -0.2435 -0.1654 -0.9557
vn 0.4352 -0.2896 -0.8525
vn 0.8944 0.1093 0.4338
vn 0.9007 0.3989 0.1722
vn 0.8912 0.1648 0.4226
vn 0.8234 0.5670 0.0217
vn 0.8304 0.4931 -0.2594
vn -0.4491 0.5769 0.6823
vn -0.1954 0.5519 0.8107
vn -0.0829 0.9098 0.4066
vn 0.6240 0.7796 0.0539
vn -0.5857 0.5095 0.6304
vn -0.3912 0.6701 0.6307
vn -0.1272 0.5532 0.8233
vn -0.5463 0.8149 0.1933
vn -0.0127 0.9406 -0.3393
vn 0.7834 0.3413 0.5194
vn 0.8621 0.2512 -0.4401
vn 0.9633 0.0342 -0.2664
vn 0.4458 -0.2928 -0.8459
vn -0.5282 0.6763 -0.5134
vn 0.0138 0.9904 -0.1376
vn -0.5359 0.8165 -0.2150
vn -0.3360 -0.4124 -0.8468
vn -0.2540 -0.6511 -0.7153
vn -0.3855 -0.4109 -0.8262
vn 0.4480 -0.2913 -0.8453
vn -0.4604 0.7289 -0.5066
vn -0.4029 0.7788 -0.4807
vn -0.0586 0.9952 0.0784
vn 0.7674 0.6150 0.1815
vn 0.3822 0.2788 0.8810
vn -0.0773 0.3659 0.9275
vn 0.2698 0.4124 0.8701
vn 0.1930 0.6348 0.7482
vn 0.3205 0.4125 0.8527
vn -0.4481 0.2910 0.8453
vn 0.9734 0.1470 -0.1758
vn 0.8928 0.2169 0.3948
vn -0.8619 -0.3049 -0.4052
vn -0.8462 -0.2055 0.4917
vn -0.4448 0.2928 0.8464
vn 0.7408 0.6396 0.2053
vn 0.5453 0.3411 0.7657
vn -0.3253 0.9404 0.0989
vn 0.4268 0.8768 -0.2216
vn -0.7260 0.4308 -0.5360
vn -0.4481 0.2914 0.8451
vn 0.1061 0.6065 0.7879
vn 0.1320 0.4058 0.9044
vn 0.6276 0.6712 0.3944
vn -0.4459 0.2923 0.8460
vn -0.8176 -0.1417 0.5580
vn -0.8696 0.0746 0.4882
vn -0.8501 -0.5260 0.0264
vn -0.4489 0.2915 0.8447
vn 0.2329 0.6458 0.7271
vn 0.1897 0.6337 0.7500
vn 0.9043 0.2773 0.3247
vn -0.4457 0.2923 0.8461
vn -0.8581 -0.2377 0.4552
vn -0.8607 -0.3055 -0.4072
vn -0.7432 -0.6298 -0.2257
vn -0.1230 0.2964 -0.9471
vn -0.1243 0.2405 -0.9627
vn 0.4492 -0.2781 -0.8491
vn 0.0837 0.9557 -0.2822
vn 0.8216 0.3352 -0.4610
vn 0.6885 0.7151 0.1206
vn 0.4595 -0.2916 -0.8390
vn 0.8892 0.0561 0.4541
vn 0.4544 -0.3012 -0.8383
vn 0.5682 -0.6352 0.5231
vn 0.2173 -0.9112 -0.3500
vn 0.2709 -0.8914 -0.3632
vn 0.4370 -0.3012 -0.8476
vn -0.6911 -0.7134 -0.1158
vn 0.4345 -0.2920 -0.8520
vn -0.8917 -0.0545 -0.4493
vn 0.8878 0.0561 0.4568
vn 0.8289 0.5544 0.0747
vn 0.6863 0.7167 0.1238
vn 0.6167 0.7215 -0.3149
vn 0.3026 0.6940 -0.6533
vn 0.7697 -0.0228 0.6380
vn 0.9502 0.0128 -0.3115
vn 0.9529 -0.2490 -0.1734
vn 0.4457 -0.2921 -0.8462
vn -0.9384 0.1329 -0.3189
vn -0.9508 -0.2328 -0.2043
vn -0.3750 -0.1281 -0.9181
vn 0.4486 -0.2911 -0.8450
vn 0.2138 0.9501 -0.2271
vn 0.1640 0.8215 0.5461
vn 0.8895 -0.0925 0.4475
vn 0.9017 0.2791 0.3303
vn -0.4492 0.2918 0.8444
vn -0.8481 0.0655 -0.5257
vn -0.9281 0.0161 0.3719
vn -0.9439 -0.0038 0.3301
vn 0.8747 -0.0792 0.4782
vn 0.3181 0.1143 0.9412
vn 0.7604 0.2475 0.6005
vn -0.0713 0.4350 0.8976
vn 0.8852 0.0014 0.4652
vn 0.8317 0.5175 -0.2014
vn 0.7209 -0.4450 0.5313
vn 0.5513 0.3828 0.7413
vn 0.9864 0.1291 0.1015
vn -0.6777 0.5065 -0.5331
vn -0.6747 0.5101 -0.5334
vn 0.0825 0.6533 -0.7526
vn 0.0846 0.9573 -0.2766
vn 0.5302 0.4883 -0.6931
vn 0.9917 0.0568 -0.1154
vn -0.4486 0.2921 0.8447
vn 0.1790 0.4087 0.8949
vn 0.7323 -0.0047 0.6810
vn 0.7425 0.3559 0.5675
vn -0.4460 0.2919 0.8461
vn -0.8907 0.0559 0.4512
vn -0.8617 0.2851 0.4197
vn -0.9670 -0.2100 -0.1446
vn 0.3096 0.1470 0.9394
vn 0.3185 0.4129 0.8533
vn 0.2622 0.1602 0.9516
vn 0.2754 0.4126 0.8683
vn -0.9444 -0.0047 0.3287
vn -0.9294 0.0147 0.3688
vn -0.7672 0.3617 -0.5297
vn 0.7541 0.6255 0.2001
vn 0.7301 0.5678 -0.3801
vn 0.8129 -0.2625 0.5200
vn 0.8558 0.3021 0.4198
vn 0.8298 -0.2111 0.5166
vn 0.8033 0.4791 0.3538
vn 0.7889 0.6144 -0.0163
vn 0.9401 -0.2575 -0.2233
vn 0.4469 -0.2920 -0.8456
vn 0.1374 0.9561 -0.2589
vn 0.0878 0.9542 -0.2861
vn 0.6930 0.7118 0.1144
vn 0.2624 0.1606 0.9515
vn 0.3082 0.1475 0.9398
vn -0.1305 0.3126 0.9409
vn 0.6750 -0.5113 0.5319
vn -0.2331 0.8950 0.3804
vn -0.7664 0.3612 -0.5313
vn -0.6471 0.5504 -0.5275
vn 0.5348 0.6305 -0.5625
vn 0.1698 0.1847 0.9680
vn 0.1279 0.1946 0.9725
vn -0.4485 0.2917 0.8448
vn 0.8894 -0.0928 0.4477
vn -0.4470 0.2920 0.8456
vn 0.7165 -0.4334 0.5466
vn 0.4602 -0.7254 0.5118
vn 0.5191 0.8547 -0.0024
vn 0.7559 0.6224 0.2030
vn -0.8765 0.0837 -0.4741
vn -0.7303 0.4424 -0.5206
vn -0.7696 -0.6134 -0.1770
vn -0.4739 0.7344 -0.4859
vn -0.1465 0.9153 -0.3752
vn 0.8766 0.2961 0.3794
vn 0.1327 -0.9063 0.4012
vn -0.8903 -0.2871 -0.3535
vn 0.2022 0.9576 -0.2054
vn 0.8627 -0.0747 0.5001
vn -0.8079 -0.3261 0.4908
vn -0.5404 0.3482 0.7660
vn -0.6169 0.3939 0.6814
vn -0.8244 0.5143 0.2365
vn -0.2687 0.8525 -0.4483
vn -0.6107 -0.4073 0.6791
vn -0.2476 0.1704 0.9538
vn -0.3455 0.2302 0.9097
vn 0.1819 -0.0948 0.9787
vn 0.2778 -0.8585 0.4312
vn 0.5267 -0.3399 -0.7792
vn 0.9959 -0.0425 -0.0802
vn 0.8427 -0.5236 -0.1257
vn 0.1990 0.7236 0.6609
vn -0.0611 0.8811 0.4690
vn -0.7539 -0.3206 0.5735
vn 0.5903 0.4407 -0.6763
vn 0.4340 -0.2839 -0.8550
vn 0.3616 -0.2400 -0.9009
vn 0.7457 0.3153 -0.5870
vn 0.6171 0.4629 -0.6364
vn 0.6181 0.3925 -0.6811
vn 0.4538 0.8769 -0.1583
vn -0.0117 0.5674 -0.8234
vn -0.0406 0.8324 0.5526
vn -0.3815 -0.9241 0.0216
vn 0.4814 -0.8741 -0.0651
vn -0.4647 0.3025 0.8322
vn -0.0511 -0.4995 0.8648
vn -0.2742 0.1524 -0.9495
vn -0.7872 -0.4039 0.4660
vn -0.8899 -0.1516 -0.4302
vn -0.5844 -0.8013 -0.1280
vn -0.5478 -0.4836 0.6827
vn 0.6970 0.3847 -0.6052
vn 0.4600 -0.2997 -0.8358
vn 0.2256 0.7705 0.5962
vn 0.8990 0.1457 0.4130
vn 0.6567 0.7541 -0.0087
vn -0.7438 -0.3978 0.5371
vn 0.0324 0.8569 0.5144
vn 0.0173 0.8966 0.4425
vn 0.1442 0.7892 0.5970
vn -0.6320 -0.4655 0.6196
vn -0.5789 -0.5300 0.6197
vn -0.5270 0.3401 0.7789
vn -0.4291 0.2810 0.8584
vn -0.3613 0.2398 0.9011
vn -0.9819 0.0639 0.1782
vn -0.1081 0.1528 -0.9823
vn -0.2736 0.0392 -0.9610
vn -0.2008 0.0029 -0.9796
vn 0.8806 -0.4354 -0.1870
vn -0.0101 -0.8591 -0.5117
vn 0.7677 -0.5834 -0.2652
vn 0.8604 -0.4335 -0.2679
vn -0.0861 -0.7459 -0.6605
vn -0.0613 -0.7997 -0.5972
vn -0.2230 -0.2541 -0.9411
vn -0.1769 -0.5548 -0.8130
vn 0.0414 -0.8230 -0.5665
vn 0.2845 -0.8341 -0.4727
vn 0.5762 -0.7378 -0.3517
vn 0.9117 -0.1955 -0.3615
vn 0.8656 0.1052 -0.4896
vn 0.4042 0.3845 -0.8300
vn 0.1125 0.2882 -0.9509
vn 0.2210 -0.9140 -0.3402
vn 0.5673 -0.7997 -0.1966
vn 0.9109 0.2011 -0.3604
vn 0.7558 0.3789 -0.5341
vn 0.9656 -0.1559 -0.2082
vn 0.0168 0.4184 -0.9081
vn -0.1728 0.2022 -0.9640
vn 0.3631 0.5327 -0.7644
vn -0.3268 -0.5824 -0.7443
vn -0.1488 -0.7751 -0.6140
vn -0.3815 -0.2254 -0.8965
vn -0.2028 -0.6935 -0.6914
vn 0.6324 0.4032 -0.6614
vn -0.0890 -0.7629 -0.6404
vn -0.3226 -0.6198 -0.7154
vn 0.5187 0.4727 -0.7125
vn 0.2776 0.6214 -0.7326
vn 0.3988 0.5464 -0.7365
vn -0.9169 -0.2448 -0.3151
vn -0.2378 0.9499 -0.2029
vn -0.1955 0.9213 -0.3361
vn -0.5619 -0.4711 -0.6800
vn -0.4438 -0.5447 -0.7116
vn -0.9786 -0.2018 -0.0412
vn -0.9593 -0.2162 -0.1818
vn 0.0492 0.7644 -0.6429
vn 0.1595 0.6951 -0.7010
vn -0.9741 -0.2019 0.1014
vn -0.2572 0.9644 -0.0623
vn -0.7706 -0.3394 -0.5394
vn -0.6723 -0.4017 -0.6218
vn -0.2247 0.9494 0.2195
vn -0.2527 0.9642 0.0803
vn -0.8533 -0.2864 -0.4358
vn -0.0492 0.8267 -0.5605
vn -0.9461 -0.2167 0.2405
vn -0.1742 0.9205 0.3498
vn -0.1318 0.8797 -0.4569
vn -0.9230 -0.1245 0.3642
vn -0.8956 -0.2456 0.3708
vn -0.8544 -0.4852 0.1859
vn -0.2949 0.8907 0.3459
vn -0.4102 -0.7541 0.5129
vn 0.0556 0.9857 0.1593
vn 0.1782 -0.9651 0.1919
vn 0.1385 -0.9383 0.3170
vn 0.1963 -0.9787 0.0598
vn 0.1922 -0.9786 -0.0741
vn 0.1659 -0.9646 -0.2048
vn 0.0926 -0.8249 -0.5577
vn 0.1185 -0.9375 -0.3272
vn 0.0047 -0.6373 -0.7706
vn 0.1898 -0.7494 -0.6343
vn -0.6391 -0.4517 0.6225
vn -0.4198 -0.5861 0.6930
vn -0.5323 -0.5169 0.6704
vn -0.1950 -0.7258 0.6597
vn -0.3059 -0.6567 0.6894
vn -0.0913 -0.7909 0.6051
vn 0.0011 -0.8494 0.5277
vn 0.0787 -0.8992 0.4304
vn 0.9461 0.2761 0.1695
vn 0.9642 0.2625 0.0374
vn 0.9600 0.2627 -0.0966
vn 0.9337 0.2766 -0.2272
vn 0.8863 0.3037 -0.3496
vn 0.7703 0.2706 -0.5775
vn 0.5598 0.2599 -0.7868
vn 0.7450 0.1479 -0.6505
vn 0.4997 0.7168 0.4864
vn 0.1288 0.7895 0.6001
vn 0.2356 0.7243 0.6480
vn 0.3481 0.6551 0.6706
vn 0.4620 0.5846 0.6670
vn 0.5729 0.5154 0.6373
vn 0.6765 0.4503 0.5827
vn 0.7689 0.3918 0.5053
vn 0.8465 0.3420 0.4080
vn 0.9063 0.3030 0.2946
vn 0.0143 -0.8254 -0.5643
vn 0.7357 0.3407 -0.5854
vn 0.1032 -0.8786 -0.4662
vn 0.8246 0.2875 -0.4873
vn 0.1742 -0.9205 -0.3498
vn 0.9169 0.2448 0.3151
vn 0.1318 -0.8797 0.4569
vn 0.1955 -0.9213 0.3361
vn 0.8956 0.2456 -0.3708
vn 0.2247 -0.9494 -0.2195
vn 0.8533 0.2864 0.4358
vn 0.0492 -0.8267 0.5605
vn 0.9461 0.2167 -0.2405
vn 0.2527 -0.9642 -0.0803
vn 0.7706 0.3394 0.5394
vn -0.0492 -0.7644 0.6429
vn 0.9741 0.2019 -0.1014
vn 0.2572 -0.9644 0.0623
vn 0.5619 0.4711 0.6800
vn -0.1595 -0.6951 0.7010
vn 0.9786 0.2018 0.0412
vn 0.2378 -0.9499 0.2029
vn -0.2776 -0.6214 0.7326
vn 0.9593 0.2162 0.1818
vn 0.4438 0.5447 0.7116
vn -0.3988 -0.5464 0.7365
vn 0.3226 0.6198 0.7154
vn -0.3155 -0.4922 0.8113
vn 0.3126 0.5230 0.7929
vn -0.8465 -0.3420 -0.4080
vn -0.9063 -0.3030 -0.2946
vn -0.7689 -0.3918 -0.5053
vn -0.6765 -0.4503 -0.5827
vn -0.5729 -0.5154 -0.6373
vn -0.4620 -0.5846 -0.6670
vn -0.3481 -0.6551 -0.6706
vn -0.0976 -0.7098 -0.6977
vn -0.7361 -0.3930 0.5511
vn -0.8196 -0.3430 0.4590
vn -0.8863 -0.3037 0.3496
vn -0.9337 -0.2766 0.2272
vn -0.9600 -0.2627 0.0966
vn -0.9642 -0.2625 -0.0374
vn -0.9461 -0.2761 -0.1695
vn -0.0787 0.8992 -0.4304
vn -0.1385 0.9383 -0.3170
vn -0.0011 0.8494 -0.5277
vn 0.0913 0.7909 -0.6051
vn 0.1950 0.7258 -0.6597
vn 0.6723 0.4017 0.6218
vn 0.3059 0.6567 -0.6894
vn 0.4198 0.5861 -0.6930
vn 0.5801 0.3857 -0.7175
vn 0.0318 0.8482 0.5287
vn -0.0517 0.8982 0.4365
vn -0.1185 0.9375 0.3272
vn -0.1659 0.9646 0.2048
vn -0.1922 0.9786 0.0741
vn -0.1963 0.9787 -0.0598
vn -0.1782 0.9651 -0.1919
vn 0.6784 0.3959 -0.6188
vn 0.7738 0.3296 -0.5409
vn -0.0427 -0.8109 -0.5836
vn 0.0420 -0.8534 -0.5195
vn -0.1416 -0.7423 -0.6549
vn -0.5261 -0.2642 -0.8083
vn -0.4928 0.8546 0.1639
vn 0.4380 0.2911 0.8505
vn 0.1027 0.7457 0.6583
vn -0.4856 0.7146 -0.5034
vn -0.6701 0.5170 -0.5327
vn 0.6808 -0.5021 0.5333
vn 0.6822 -0.5002 0.5333
vn -0.7607 0.3732 -0.5310
vn -0.7618 0.3711 -0.5309
vn 0.7730 -0.3496 0.5294
vn 0.8186 0.2335 -0.5247
vn -0.6665 0.5217 -0.5325
vn -0.6779 0.5062 -0.5332
vn -0.8500 0.0667 -0.5225
vn -0.1820 0.0950 -0.9787
vn 0.4566 -0.2976 -0.8384
vn 0.2240 0.4241 -0.8775
vn 0.4487 -0.3042 -0.8403
vn 0.6871 0.3820 -0.6180
vn 0.4399 -0.3033 -0.8453
vn 0.9358 -0.0067 -0.3525
vn 0.4352 -0.2958 -0.8503
vn 0.8244 -0.5143 -0.2362
vn 0.4374 -0.2860 -0.8526
vn 0.4183 -0.8433 -0.3374
vn 0.4453 -0.2795 -0.8506
vn -0.0447 -0.8011 -0.5968
vn 0.4541 -0.2804 -0.8457
vn -0.2935 -0.4125 -0.8623
vn 0.4588 -0.2878 -0.8406
vn -0.5257 0.6782 -0.5135
vn 0.5196 0.8544 -0.0033
vn 0.5294 0.8481 -0.0218
vn -0.0038 0.2981 -0.9545
vn 0.4531 -0.3017 -0.8389
vn 0.4666 0.4534 -0.7594
vn 0.4441 -0.3047 -0.8426
vn 0.8518 0.2204 -0.4752
vn 0.4369 -0.3000 -0.8480
vn 0.9262 -0.2648 -0.2685
vn 0.4354 -0.2909 -0.8520
vn 0.6461 -0.7174 -0.2604
vn 0.4409 -0.2819 -0.8521
vn 0.1757 -0.8727 -0.4555
vn 0.4500 -0.2789 -0.8484
vn -0.2096 -0.6396 -0.7395
vn 0.4572 -0.2836 -0.8429
vn -0.2838 -0.1545 -0.9463
vn 0.4586 -0.2928 -0.8390
vn -0.5275 0.6790 -0.5107
vn 0.8837 -0.0000 0.4681
vn -0.4471 0.2917 0.8456
vn -0.4460 0.2935 0.8455
vn -0.4468 0.2923 0.8456
vn 0.7797 -0.5984 -0.1841
vt 0.618008 0.613213
vt 0.614400 0.017881
vt 0.618008 0.017894
vt 0.592882 0.613218
vt 0.589501 0.017917
vt 0.592882 0.017899
vt 0.628803 0.613285
vt 0.625919 0.017940
vt 0.628803 0.017966
vt 0.427814 0.613236
vt 0.424659 0.017900
vt 0.427814 0.017890
vt 0.439914 0.613218
vt 0.436192 0.017875
vt 0.439914 0.017872
vt 0.452704 0.613221
vt 0.448983 0.017872
vt 0.452704 0.017875
vt 0.464238 0.613246
vt 0.461083 0.017890
vt 0.464238 0.017900
vt 0.707854 0.017929
vt 0.710738 0.613225
vt 0.707854 0.613250
vt 0.696335 0.017987
vt 0.699943 0.613296
vt 0.696335 0.613308
vt 0.683546 0.017995
vt 0.687329 0.613319
vt 0.683546 0.613316
vt 0.671436 0.017952
vt 0.674817 0.613290
vt 0.671436 0.613273
vt 0.543342 0.018060
vt 0.546497 0.612988
vt 0.543342 0.612901
vt 0.531242 0.017886
vt 0.534964 0.612757
vt 0.531242 0.612726
vt 0.518452 0.017916
vt 0.522173 0.612726
vt 0.518452 0.612757
vt 0.506919 0.018147
vt 0.510074 0.612901
vt 0.506919 0.612988
vt 0.597146 0.613201
vt 0.597146 0.017882
vt 0.601611 0.613192
vt 0.503448 0.018269
vt 0.585708 0.017943
vt 0.589501 0.613236
vt 0.585708 0.613263
vt 0.514120 0.017974
vt 0.514120 0.612814
vt 0.510074 0.018060
vt 0.526708 0.017870
vt 0.526708 0.612711
vt 0.522173 0.017886
vt 0.539296 0.017974
vt 0.539296 0.612814
vt 0.534964 0.017916
vt 0.667643 0.017926
vt 0.549968 0.613110
vt 0.546497 0.018147
vt 0.549968 0.018269
vt 0.679081 0.017986
vt 0.679081 0.613307
vt 0.674817 0.017970
vt 0.691876 0.017996
vt 0.691876 0.613317
vt 0.687329 0.017998
vt 0.704081 0.017956
vt 0.704081 0.613276
vt 0.699943 0.017975
vt 0.467708 0.613259
vt 0.713838 0.613191
vt 0.710738 0.017904
vt 0.713838 0.017870
vt 0.457036 0.613227
vt 0.457036 0.017881
vt 0.461082 0.613236
vt 0.444448 0.613216
vt 0.444448 0.017870
vt 0.448983 0.613218
vt 0.431860 0.613227
vt 0.431860 0.017881
vt 0.436192 0.613221
vt 0.631903 0.613320
vt 0.421189 0.017913
vt 0.424659 0.613246
vt 0.421189 0.613259
vt 0.622146 0.613233
vt 0.622146 0.017913
vt 0.625919 0.613259
vt 0.614400 0.613200
vt 0.609941 0.017872
vt 0.609941 0.613191
vt 0.605394 0.017870
vt 0.605394 0.613189
vt 0.601611 0.017873
vt 0.457565 0.814609
vt 0.444591 0.798715
vt 0.457702 0.797971
vt 0.444964 0.785240
vt 0.458093 0.783867
vt 0.593528 0.817201
vt 0.606645 0.832861
vt 0.593431 0.832318
vt 0.593397 0.849229
vt 0.606613 0.849017
vt 0.636633 0.834717
vt 0.651279 0.847746
vt 0.636605 0.848261
vt 0.606645 0.864427
vt 0.593431 0.865361
vt 0.606738 0.876746
vt 0.593528 0.878256
vt 0.805683 0.820973
vt 0.816326 0.817491
vt 0.800675 0.823974
vt 0.751106 0.773216
vt 0.750478 0.778696
vt 0.749622 0.772921
vt 0.276389 0.650887
vt 0.281255 0.524203
vt 0.281807 0.524385
vt 0.281797 0.018046
vt 0.281490 0.127465
vt 0.276378 0.134549
vt 0.754685 0.762933
vt 0.756105 0.757270
vt 0.236131 0.650781
vt 0.232176 0.017917
vt 0.236117 0.017961
vt 0.768924 0.816233
vt 0.773746 0.818910
vt 0.768083 0.817491
vt 0.161059 0.017872
vt 0.166825 0.650719
vt 0.161059 0.650721
vt 0.177324 0.017876
vt 0.182833 0.650733
vt 0.177324 0.650725
vt 0.191990 0.017908
vt 0.196403 0.650773
vt 0.191990 0.650756
vt 0.339111 0.017923
vt 0.344360 0.650721
vt 0.339098 0.650745
vt 0.833304 0.789566
vt 0.833932 0.784086
vt 0.834788 0.789861
vt 0.370890 0.650707
vt 0.365214 0.524212
vt 0.366995 0.527987
vt 0.365224 0.017874
vt 0.370901 0.147108
vt 0.370576 0.147282
vt 0.385435 0.650783
vt 0.380614 0.546813
vt 0.383942 0.550255
vt 0.370903 0.017885
vt 0.376322 0.144387
vt 0.375769 0.144569
vt 0.075688 0.107940
vt 0.080834 0.018160
vt 0.080834 0.110724
vt 0.678663 0.717130
vt 0.673501 0.710219
vt 0.672904 0.669135
vt 0.059681 0.104591
vt 0.065447 0.017938
vt 0.065447 0.105091
vt 0.150833 0.686936
vt 0.156342 0.810034
vt 0.150833 0.809961
vt 0.043673 0.018050
vt 0.049182 0.106081
vt 0.043673 0.107940
vt 0.177339 0.687009
vt 0.182848 0.809961
vt 0.177339 0.810034
vt 0.192006 0.686715
vt 0.196419 0.810449
vt 0.194980 0.810202
vt 0.030102 0.018426
vt 0.034516 0.113544
vt 0.030102 0.117480
vt 0.933251 0.868604
vt 0.932396 0.975385
vt 0.932396 0.868603
vt 0.400263 0.734022
vt 0.413508 0.746754
vt 0.400305 0.748127
vt 0.823616 0.753791
vt 0.816326 0.745291
vt 0.828305 0.757270
vt 0.620564 0.914043
vt 0.615182 0.940243
vt 0.615166 0.914051
vt 0.834788 0.772921
vt 0.542824 0.860738
vt 0.557565 0.870026
vt 0.542904 0.872845
vt 0.636633 0.861181
vt 0.651370 0.867971
vt 0.636711 0.871508
vt 0.829724 0.799849
vt 0.828305 0.805512
vt 0.778726 0.741809
vt 0.768083 0.745291
vt 0.783734 0.738808
vt 0.819805 0.812802
vt 0.457702 0.831246
vt 0.444460 0.814609
vt 0.400263 0.700748
vt 0.413454 0.717385
vt 0.400249 0.717385
vt 0.794900 0.739664
vt 0.800675 0.738808
vt 0.810663 0.743871
vt 0.499620 0.830096
vt 0.512802 0.846440
vt 0.499585 0.846227
vt 0.458093 0.845351
vt 0.444591 0.830503
vt 0.499620 0.863139
vt 0.512931 0.877038
vt 0.499720 0.878256
vt 0.499720 0.817201
vt 0.512836 0.831029
vt 0.752622 0.794869
vt 0.756105 0.805512
vt 0.749622 0.789861
vt 0.413468 0.733279
vt 0.783735 0.823974
vt 0.413508 0.688016
vt 0.413468 0.701491
vt 0.514677 0.940257
vt 0.519179 0.914211
vt 0.519179 0.940382
vt 0.414949 0.801284
vt 0.400780 0.793188
vt 0.415262 0.789988
vt 0.443408 0.717385
vt 0.458066 0.728978
vt 0.443420 0.730709
vt 0.789510 0.823118
vt 0.414840 0.814609
vt 0.400508 0.803016
vt 0.458066 0.705792
vt 0.458056 0.717385
vt 0.400508 0.826202
vt 0.400412 0.814609
vt 0.443453 0.692764
vt 0.443420 0.704060
vt 0.414949 0.827933
vt 0.400780 0.836029
vt 0.542824 0.834275
vt 0.557471 0.847709
vt 0.542796 0.847194
vt 0.764605 0.749980
vt 0.651302 0.858986
vt 0.636710 0.822610
vt 0.651302 0.835962
vt 0.458095 0.738806
vt 0.443453 0.742005
vt 0.831787 0.767913
vt 0.760793 0.808991
vt 0.429336 0.814609
vt 0.428738 0.702609
vt 0.428725 0.717385
vt 0.429458 0.829385
vt 0.428775 0.690083
vt 0.429805 0.841911
vt 0.415262 0.839229
vt 0.444964 0.843978
vt 0.621931 0.863017
vt 0.622017 0.874469
vt 0.528121 0.861785
vt 0.528210 0.875210
vt 0.512835 0.862596
vt 0.621900 0.848691
vt 0.528121 0.832439
vt 0.528090 0.846765
vt 0.621931 0.833671
vt 0.528210 0.820986
vt 0.542904 0.823947
vt 0.512931 0.818710
vt 0.622017 0.820246
vt 0.606738 0.818419
vt 0.428738 0.732161
vt 0.428775 0.744687
vt 0.429458 0.799833
vt 0.557495 0.836469
vt 0.625713 0.914058
vt 0.620580 0.940235
vt 0.155247 0.868185
vt 0.150074 0.850824
vt 0.159086 0.864334
vt 0.499553 0.940382
vt 0.504055 0.914086
vt 0.504055 0.940257
vt 0.153170 0.878654
vt 0.137261 0.870057
vt 0.153170 0.873214
vt 0.509366 0.940213
vt 0.514677 0.914086
vt 0.022708 0.940773
vt 0.017899 0.914553
vt 0.022724 0.914582
vt 0.028122 0.914589
vt 0.028106 0.940781
vt 0.033271 0.914575
vt 0.033255 0.940767
vt 0.037387 0.914542
vt 0.037371 0.940734
vt 0.574573 0.914061
vt 0.570071 0.940241
vt 0.570071 0.914048
vt 0.564760 0.940236
vt 0.564760 0.914043
vt 0.559450 0.940241
vt 0.559450 0.914048
vt 0.554948 0.940254
vt 0.554948 0.914061
vt 0.629829 0.914092
vt 0.625729 0.940250
vt 0.557495 0.859493
vt 0.610356 0.940272
vt 0.610340 0.914080
vt 0.752622 0.767913
vt 0.180458 0.873187
vt 0.196368 0.881785
vt 0.180458 0.878628
vt 0.141760 0.892725
vt 0.137261 0.881841
vt 0.191869 0.859117
vt 0.196368 0.870000
vt 0.159086 0.887522
vt 0.155247 0.883679
vt 0.174543 0.864320
vt 0.178381 0.868163
vt 0.160936 0.905549
vt 0.150074 0.901050
vt 0.164100 0.862248
vt 0.172693 0.846293
vt 0.169528 0.862242
vt 0.183555 0.850792
vt 0.169528 0.889594
vt 0.164100 0.889599
vt 0.160936 0.846304
vt 0.183555 0.901017
vt 0.172693 0.905538
vt 0.509366 0.914042
vt 0.178381 0.883657
vt 0.174543 0.887507
vt 0.141760 0.859165
vt 0.191869 0.892677
vt 0.265886 0.018083
vt 0.270699 0.144562
vt 0.269995 0.146074
vt 0.760793 0.753791
vt 0.757363 0.758110
vt 0.286097 0.018023
vt 0.285289 0.122813
vt 0.281799 0.127081
vt 0.773746 0.743872
vt 0.768924 0.746549
vt 0.034516 0.018271
vt 0.038528 0.110724
vt 0.290920 0.017989
vt 0.289428 0.118517
vt 0.286099 0.121960
vt 0.049182 0.017977
vt 0.053915 0.105091
vt 0.038528 0.018160
vt 0.070179 0.017977
vt 0.070179 0.106081
vt 0.053915 0.017938
vt 0.084846 0.018271
vt 0.084846 0.113544
vt 0.075688 0.018050
vt 0.380611 0.650750
vt 0.376314 0.541692
vt 0.379804 0.545960
vt 0.089259 0.018426
vt 0.089259 0.117480
vt 0.365211 0.650696
vt 0.360403 0.511914
vt 0.364510 0.522700
vt 0.348962 0.017884
vt 0.354172 0.187705
vt 0.354166 0.474514
vt 0.348949 0.650705
vt 0.344373 0.017899
vt 0.360400 0.650692
vt 0.356662 0.498323
vt 0.357833 0.504010
vt 0.334300 0.650778
vt 0.330645 0.017989
vt 0.334314 0.017957
vt 0.810663 0.818910
vt 0.815485 0.816233
vt 0.187978 0.017896
vt 0.326704 0.018032
vt 0.330632 0.650810
vt 0.326691 0.650854
vt 0.172591 0.017872
vt 0.778727 0.820973
vt 0.784030 0.822490
vt 0.156326 0.017876
vt 0.166825 0.017870
vt 0.172591 0.650721
vt 0.145672 0.650744
vt 0.141660 0.017908
vt 0.145672 0.017896
vt 0.150817 0.017884
vt 0.156326 0.650725
vt 0.150817 0.650733
vt 0.239799 0.650814
vt 0.137247 0.017924
vt 0.141660 0.650756
vt 0.137247 0.650773
vt 0.249859 0.650873
vt 0.244583 0.018028
vt 0.249845 0.018053
vt 0.023741 0.127847
vt 0.093394 0.123363
vt 0.095725 0.128118
vt 0.286110 0.650843
vt 0.286135 0.525781
vt 0.290931 0.526820
vt 0.276375 0.018067
vt 0.275501 0.135789
vt 0.272480 0.140787
vt 0.694102 0.650432
vt 0.698474 0.729083
vt 0.694102 0.727765
vt 0.182848 0.686936
vt 0.187993 0.809904
vt 0.186951 0.809874
vt 0.100030 0.516853
vt 0.019696 0.518292
vt 0.018699 0.512811
vt 0.789510 0.739664
vt 0.784030 0.740292
vt 0.166840 0.687068
vt 0.172607 0.810073
vt 0.166840 0.810093
vt 0.805683 0.741809
vt 0.800380 0.740292
vt 0.688997 0.652915
vt 0.693842 0.727684
vt 0.156342 0.687009
vt 0.161074 0.810073
vt 0.819805 0.749980
vt 0.815485 0.746549
vt 0.192006 0.810058
vt 0.141675 0.686715
vt 0.145687 0.809904
vt 0.141675 0.810058
vt 0.829724 0.762933
vt 0.827047 0.758110
vt 0.172607 0.687048
vt 0.376325 0.017906
vt 0.380622 0.142999
vt 0.833932 0.778696
vt 0.833304 0.773216
vt 0.669102 0.678617
vt 0.670863 0.705081
vt 0.668164 0.694855
vt 0.376311 0.650728
vt 0.370892 0.534225
vt 0.376005 0.541309
vt 0.100152 0.147144
vt 0.019333 0.145765
vt 0.099453 0.141781
vt 0.145687 0.686826
vt 0.146730 0.809874
vt 0.831787 0.794869
vt 0.380625 0.017929
vt 0.385446 0.141951
vt 0.380650 0.142990
vt 0.823616 0.808991
vt 0.827047 0.804672
vt 0.794900 0.823118
vt 0.800380 0.822490
vt 0.182833 0.017884
vt 0.187978 0.650744
vt 0.764605 0.812802
vt 0.754685 0.799849
vt 0.757363 0.804672
vt 0.750478 0.784086
vt 0.751106 0.789566
vt 0.244596 0.650848
vt 0.239785 0.017994
vt 0.254447 0.650889
vt 0.259651 0.194260
vt 0.259658 0.481068
vt 0.678663 0.661068
vt 0.684343 0.655900
vt 0.679956 0.718632
vt 0.260104 0.018081
vt 0.263318 0.164764
vt 0.262147 0.170451
vt 0.161074 0.687048
vt 0.101230 0.502665
vt 0.017981 0.493766
vt 0.101381 0.493766
vt 0.360414 0.017870
vt 0.365221 0.152535
vt 0.361915 0.156801
vt 0.270710 0.650899
vt 0.271814 0.517644
vt 0.276061 0.521491
vt 0.101440 0.488059
vt 0.017950 0.482282
vt 0.101411 0.482282
vt 0.137262 0.686560
vt 0.138700 0.810202
vt 0.018285 0.507981
vt 0.100969 0.510191
vt 0.281810 0.650866
vt 0.286107 0.525773
vt 0.038570 0.110835
vt 0.059681 0.104712
vt 0.080791 0.110835
vt 0.017950 0.195708
vt 0.101411 0.195708
vt 0.020849 0.136666
vt 0.019908 0.141781
vt 0.021099 0.135503
vt 0.098512 0.136666
vt 0.101271 0.171823
vt 0.018186 0.166097
vt 0.101175 0.166097
vt 0.354632 0.017872
vt 0.359043 0.161757
vt 0.357175 0.167163
vt 0.017931 0.189889
vt 0.101431 0.189889
vt 0.101411 0.184079
vt 0.017917 0.188228
vt 0.684343 0.722297
vt 0.684426 0.655831
vt 0.026416 0.122581
vt 0.090238 0.118867
vt 0.101036 0.160480
vt 0.018392 0.158270
vt 0.265899 0.650903
vt 0.267400 0.511972
vt 0.270707 0.516238
vt 0.018325 0.160480
vt 0.260117 0.650901
vt 0.262660 0.501610
vt 0.264528 0.507016
vt 0.101444 0.488443
vt 0.017922 0.488059
vt 0.018090 0.171823
vt 0.101076 0.507981
vt 0.018132 0.502665
vt 0.281282 0.524162
vt 0.281802 0.524333
vt 0.688494 0.653116
vt 0.688522 0.653154
vt 0.499539 0.846229
vt 0.756067 0.757245
vt 0.749578 0.772912
vt 0.023637 0.128118
vt 0.021058 0.135445
vt 0.023575 0.128122
vt 0.281544 0.127472
vt 0.593350 0.849228
vt 0.828342 0.805537
vt 0.834832 0.789870
vt 0.499574 0.830103
vt 0.049205 0.106199
vt 0.043688 0.108002
vt 0.049192 0.106144
vt 0.620566 0.913996
vt 0.164111 0.862294
vt 0.169520 0.862289
vt 0.075655 0.108056
vt 0.080816 0.110783
vt 0.075674 0.108002
vt 0.028109 0.940828
vt 0.169520 0.889548
vt 0.164111 0.889553
vt 0.137276 0.810500
vt 0.137262 0.810449
vt 0.678654 0.717192
vt 0.679919 0.718663
vt 0.625723 0.914011
vt 0.101125 0.507990
vt 0.101015 0.510253
vt 0.360424 0.159454
vt 0.360411 0.159379
vt 0.017904 0.482283
vt 0.260042 0.486864
vt 0.259706 0.481067
vt 0.018083 0.502672
vt 0.017932 0.493771
vt 0.262708 0.501598
vt 0.260819 0.492621
vt 0.260868 0.492613
vt 0.172702 0.846240
vt 0.557541 0.859484
vt 0.557516 0.847713
vt 0.160924 0.905601
vt 0.651348 0.858969
vt 0.651324 0.847742
vt 0.183583 0.850747
vt 0.898831 0.315446
vt 0.904214 0.315394
vt 0.904206 0.315440
vt 0.620577 0.940283
vt 0.904206 0.342526
vt 0.898820 0.342577
vt 0.898831 0.342531
vt 0.033261 0.914528
vt 0.028120 0.914542
vt 0.625719 0.940297
vt 0.909197 0.317458
vt 0.265737 0.018036
vt 0.751157 0.773226
vt 0.752703 0.767803
vt 0.270696 0.018079
vt 0.034385 0.018227
vt 0.768953 0.746592
vt 0.773881 0.743851
vt 0.778617 0.741889
vt 0.038647 0.018109
vt 0.059681 0.017918
vt 0.065301 0.017889
vt 0.800370 0.740343
vt 0.805793 0.741889
vt 0.070329 0.017930
vt 0.380750 0.650798
vt 0.827003 0.758139
vt 0.829745 0.763067
vt 0.831706 0.767803
vt 0.376182 0.650774
vt 0.354618 0.650694
vt 0.349088 0.650752
vt 0.833252 0.789556
vt 0.831706 0.794979
vt 0.829745 0.799715
vt 0.344214 0.650768
vt 0.192120 0.650804
vt 0.815456 0.816189
vt 0.810528 0.818931
vt 0.161204 0.650768
vt 0.784040 0.822439
vt 0.778617 0.820893
vt 0.773881 0.818931
vt 0.156177 0.650772
vt 0.235997 0.017913
vt 0.757406 0.804643
vt 0.754665 0.799715
vt 0.752703 0.794979
vt 0.239893 0.017948
vt 0.025968 0.123363
vt 0.023703 0.127790
vt 0.025905 0.123357
vt 0.285335 0.122830
vt 0.286100 0.122025
vt 0.676151 0.714253
vt 0.673459 0.710242
vt 0.145697 0.809952
vt 0.668116 0.683335
vt 0.669055 0.678605
vt 0.177334 0.810081
vt 0.499674 0.878247
vt 0.499574 0.863135
vt 0.768059 0.745254
vt 0.272526 0.140804
vt 0.270711 0.144650
vt 0.019289 0.145686
vt 0.593481 0.878245
vt 0.593384 0.865354
vt 0.816351 0.817528
vt 0.182841 0.810008
vt 0.670863 0.673116
vt 0.610327 0.914033
vt 0.615160 0.914004
vt 0.159113 0.864374
vt 0.672891 0.709142
vt 0.037387 0.940781
vt 0.033265 0.940814
vt 0.174518 0.887468
vt 0.370015 0.532985
vt 0.370902 0.534156
vt 0.098566 0.136663
vt 0.098263 0.135503
vt 0.098304 0.135445
vt 0.376059 0.541301
vt 0.354397 0.480330
vt 0.354638 0.482320
vt 0.354622 0.482662
vt 0.101476 0.189889
vt 0.101444 0.188228
vt 0.101491 0.187889
vt 0.355011 0.486118
vt 0.018347 0.510253
vt 0.018392 0.510191
vt 0.267444 0.511950
vt 0.265896 0.509394
vt 0.265909 0.509319
vt 0.265004 0.159215
vt 0.263366 0.164775
vt 0.018276 0.160477
vt 0.018138 0.166092
vt 0.019158 0.147144
vt 0.264574 0.506998
vt 0.018236 0.507990
vt 0.084826 0.113602
vt 0.089238 0.117537
vt 0.084797 0.113652
vt 0.160924 0.846251
vt 0.172702 0.905590
vt 0.651416 0.867944
vt 0.893837 0.317472
vt 0.898820 0.315399
vt 0.610369 0.940319
vt 0.615187 0.940290
vt 0.909172 0.340459
vt 0.904214 0.342572
vt 0.037371 0.914494
vt 0.750510 0.778828
vt 0.254574 0.018022
vt 0.254434 0.018069
vt 0.764534 0.750096
vt 0.286235 0.017975
vt 0.029123 0.118867
vt 0.030123 0.117537
vt 0.030155 0.117586
vt 0.029026 0.118899
vt 0.794768 0.739696
vt 0.054060 0.017889
vt 0.823500 0.753721
vt 0.084976 0.018227
vt 0.833899 0.783954
vt 0.360251 0.650738
vt 0.819875 0.812686
vt 0.330512 0.650858
vt 0.789642 0.823086
vt 0.172446 0.650768
vt 0.760910 0.809061
vt 0.141530 0.650804
vt 0.249699 0.018006
vt 0.750510 0.783954
vt 0.286101 0.525720
vt 0.053920 0.105155
vt 0.053928 0.105210
vt 0.457750 0.831241
vt 0.458140 0.845341
vt 0.783726 0.738764
vt 0.020795 0.136663
vt 0.276387 0.134618
vt 0.400258 0.686653
vt 0.400305 0.686643
vt 0.800684 0.824018
vt 0.684339 0.655841
vt 0.684394 0.655796
vt 0.059681 0.104656
vt 0.380615 0.143052
vt 0.684339 0.722356
vt 0.684426 0.722366
vt 0.684394 0.722401
vt 0.570079 0.914001
vt 0.574587 0.914014
vt 0.178343 0.883630
vt 0.101278 0.502672
vt 0.357223 0.167176
vt 0.355334 0.176152
vt 0.141714 0.859135
vt 0.150043 0.850780
vt 0.150021 0.850750
vt 0.191912 0.892706
vt 0.183583 0.901062
vt 0.458140 0.695989
vt 0.458095 0.695964
vt 0.890064 0.321325
vt 0.893865 0.317512
vt 0.504063 0.914040
vt 0.499553 0.914211
vt 0.499568 0.914164
vt 0.028943 0.118919
vt 0.026382 0.122527
vt 0.026361 0.122463
vt 0.913011 0.336672
vt 0.909197 0.340498
vt 0.570063 0.940288
vt 0.574573 0.940254
vt 0.574559 0.940301
vt 0.366368 0.151158
vt 0.366328 0.151129
vt 0.694109 0.727816
vt 0.698486 0.729136
vt 0.286159 0.525738
vt 0.290919 0.526769
vt 0.679919 0.659534
vt 0.679956 0.659565
vt 0.499539 0.940428
vt 0.155288 0.868212
vt 0.281804 0.127148
vt 0.457613 0.814609
vt 0.800684 0.738764
vt 0.196405 0.810500
vt 0.194934 0.810248
vt 0.678654 0.661005
vt 0.400202 0.717385
vt 0.400217 0.700753
vt 0.667691 0.689099
vt 0.668164 0.683342
vt 0.166840 0.810139
vt 0.172604 0.810120
vt 0.504048 0.940303
vt 0.153218 0.873223
vt 0.676192 0.714227
vt 0.138747 0.810248
vt 0.141686 0.810106
vt 0.101320 0.171820
vt 0.101459 0.184078
vt 0.354962 0.486124
vt 0.359518 0.509559
vt 0.360418 0.511814
vt 0.101085 0.160477
vt 0.100969 0.158270
vt 0.101014 0.158177
vt 0.259931 0.188447
vt 0.259700 0.194261
vt 0.017904 0.195708
vt 0.137207 0.870046
vt 0.400368 0.814609
vt 0.400464 0.826189
vt 0.196419 0.881795
vt 0.458101 0.717385
vt 0.458111 0.705805
vt 0.887959 0.326295
vt 0.890023 0.321299
vt 0.912973 0.336646
vt 0.915075 0.331675
vt 0.564760 0.940284
vt 0.100663 0.512811
vt 0.100714 0.512821
vt 0.361959 0.156823
vt 0.688494 0.725081
vt 0.816351 0.745254
vt 0.275548 0.135804
vt 0.034564 0.113652
vt 0.034535 0.113602
vt 0.768059 0.817528
vt 0.783726 0.824018
vt 0.065441 0.105155
vt 0.065434 0.105210
vt 0.509366 0.940259
vt 0.153218 0.878645
vt 0.365230 0.152604
vt 0.100073 0.516907
vt 0.099666 0.518292
vt 0.564760 0.913996
vt 0.180413 0.873197
vt 0.180413 0.878619
vt 0.099507 0.141773
vt 0.367041 0.527970
vt 0.101457 0.195708
vt 0.354446 0.480327
vt 0.354215 0.474513
vt 0.260107 0.186113
vt 0.260496 0.182656
vt 0.260123 0.186454
vt 0.017870 0.187889
vt 0.017951 0.184079
vt 0.265903 0.156960
vt 0.265051 0.159226
vt 0.400464 0.803029
vt 0.458111 0.728965
vt 0.888007 0.331692
vt 0.888007 0.326305
vt 0.509366 0.913996
vt 0.915029 0.326279
vt 0.915029 0.331666
vt 0.559458 0.940288
vt 0.270715 0.516170
vt 0.018648 0.512821
vt 0.019332 0.516853
vt 0.019288 0.516907
vt 0.281667 0.018000
vt 0.757406 0.758139
vt 0.760910 0.753721
vt 0.049033 0.017930
vt 0.784040 0.740343
vt 0.789642 0.739696
vt 0.080714 0.018109
vt 0.815456 0.746592
vt 0.819875 0.750096
vt 0.365361 0.650743
vt 0.833252 0.773226
vt 0.833899 0.778828
vt 0.334408 0.650824
vt 0.827003 0.804643
vt 0.823500 0.809061
vt 0.177473 0.650772
vt 0.800370 0.822439
vt 0.794768 0.823086
vt 0.145792 0.650791
vt 0.768953 0.816190
vt 0.764534 0.812686
vt 0.751157 0.789556
vt 0.380615 0.546748
vt 0.093457 0.123357
vt 0.092945 0.122581
vt 0.092979 0.122527
vt 0.669102 0.699581
vt 0.668116 0.694862
vt 0.156347 0.810081
vt 0.161077 0.810120
vt 0.673501 0.667979
vt 0.676151 0.663944
vt 0.676192 0.663970
vt 0.187983 0.809952
vt 0.191995 0.810106
vt 0.457750 0.797977
vt 0.828342 0.757245
vt 0.271853 0.517615
vt 0.276094 0.521455
vt 0.694109 0.650381
vt 0.698474 0.649113
vt 0.400258 0.748117
vt 0.400217 0.734017
vt 0.756067 0.805537
vt 0.276386 0.521665
vt 0.693816 0.650472
vt 0.688999 0.652862
vt 0.146797 0.809921
vt 0.670818 0.705099
vt 0.672904 0.709062
vt 0.519193 0.940428
vt 0.514684 0.940303
vt 0.155288 0.883653
vt 0.090335 0.118899
vt 0.090418 0.118919
vt 0.093000 0.122463
vt 0.559442 0.914001
vt 0.101457 0.482283
vt 0.354221 0.187707
vt 0.354557 0.181909
vt 0.017870 0.488674
vt 0.017917 0.488443
vt 0.260114 0.487717
vt 0.260129 0.487481
vt 0.137207 0.881852
vt 0.141714 0.892754
vt 0.137171 0.881858
vt 0.196419 0.869989
vt 0.458140 0.738781
vt 0.890064 0.336668
vt 0.887959 0.331701
vt 0.514669 0.914040
vt 0.912973 0.321303
vt 0.915075 0.326269
vt 0.754665 0.763067
vt 0.270847 0.018032
vt 0.810528 0.743851
vt 0.805793 0.820893
vt 0.187859 0.650791
vt 0.379850 0.545943
vt 0.095659 0.127790
vt 0.070169 0.106144
vt 0.038546 0.110783
vt 0.593481 0.817209
vt 0.834832 0.772912
vt 0.499674 0.817212
vt 0.749578 0.789870
vt 0.186884 0.809921
vt 0.670818 0.673098
vt 0.017870 0.940793
vt 0.017883 0.940745
vt 0.380673 0.143034
vt 0.629845 0.914045
vt 0.174518 0.864359
vt 0.178343 0.868190
vt 0.375796 0.144610
vt 0.370900 0.147163
vt 0.693816 0.727725
vt 0.688997 0.725281
vt 0.376319 0.541625
vt 0.095786 0.128122
vt 0.095621 0.127847
vt 0.354628 0.181056
vt 0.355383 0.176161
vt 0.354644 0.181292
vt 0.101491 0.488674
vt 0.260447 0.182650
vt 0.018042 0.171820
vt 0.017902 0.184078
vt 0.043707 0.108056
vt 0.101224 0.166092
vt 0.356711 0.498316
vt 0.651416 0.825450
vt 0.651370 0.825429
vt 0.191912 0.859087
vt 0.557541 0.836486
vt 0.557565 0.827484
vt 0.557610 0.827511
vt 0.893837 0.340513
vt 0.890023 0.336694
vt 0.022730 0.914534
vt 0.017911 0.914506
vt 0.909172 0.317497
vt 0.913011 0.321277
vt 0.629845 0.940284
vt 0.629829 0.940331
vt 0.017885 0.189889
vt 0.259883 0.188444
vt 0.070156 0.106199
vt 0.365226 0.524124
vt 0.100203 0.147144
vt 0.100029 0.145765
vt 0.100072 0.145686
vt 0.593384 0.832322
vt 0.672891 0.669055
vt 0.673459 0.667956
vt 0.669055 0.699592
vt 0.150840 0.810008
vt 0.022702 0.940821
vt 0.159113 0.887483
vt 0.370609 0.147318
vt 0.688522 0.725043
vt 0.376317 0.144439
vt 0.354509 0.181904
vt 0.101485 0.488061
vt 0.276385 0.521610
vt 0.693842 0.650513
vt 0.357881 0.503999
vt 0.017876 0.488061
vt 0.259994 0.486869
vt 0.265889 0.156860
vt 0.270044 0.146084
vt 0.018347 0.158177
vt 0.019209 0.147144
vt 0.150043 0.901094
vt 0.651348 0.835971
vt 0.893865 0.340474
vt 0.364559 0.522691
vt 0.262196 0.170459
vt 0.901083 0.326795
vt 0.901953 0.326794
vt 0.901953 0.331176
vt 0.901083 0.331177
vt 0.902757 0.327127
vt 0.900280 0.327129
vt 0.902757 0.330842
vt 0.899332 0.328552
vt 0.899665 0.327746
vt 0.903704 0.329419
vt 0.903372 0.330225
vt 0.903704 0.328548
vt 0.899665 0.330229
vt 0.899332 0.329424
vt 0.903372 0.327743
vt 0.900280 0.330844
vt 0.422261 0.649911
vt 0.421440 0.650074
vt 0.421277 0.649251
vt 0.980462 0.378317
vt 0.980305 0.485105
vt 0.979633 0.378319
vt 0.980550 0.627463
vt 0.980777 0.520848
vt 0.981405 0.627470
vt 0.972191 0.868605
vt 0.971303 0.975390
vt 0.971362 0.868603
vt 0.932168 0.975385
vt 0.931540 0.868604
vt 0.970492 0.868605
vt 0.970866 0.975392
vt 0.969716 0.868610
vt 0.980970 0.520854
vt 0.982130 0.627490
vt 0.980129 0.485106
vt 0.978970 0.378324
vt 0.931976 0.975386
vt 0.930816 0.868606
vt 0.978970 0.627490
vt 0.980323 0.520848
vt 0.979695 0.627470
vt 0.982108 0.378324
vt 0.980756 0.485105
vt 0.981331 0.378319
vt 0.933975 0.868606
vt 0.932623 0.975385
vt 0.972853 0.868610
vt 0.971523 0.975391
vt 0.980550 0.520846
vt 0.971072 0.975391
vt 0.980526 0.485105
vt 0.750627 0.248639
vt 0.800192 0.195188
vt 0.801242 0.248639
vt 0.892165 0.891087
vt 0.881368 0.923283
vt 0.881368 0.891101
vt 0.749578 0.165262
vt 0.801242 0.111809
vt 0.800192 0.165262
vt 0.771171 0.891966
vt 0.760374 0.924135
vt 0.760374 0.891953
vt 0.800320 0.629329
vt 0.832728 0.703024
vt 0.800320 0.703024
vt 0.915016 0.555634
vt 0.928440 0.609086
vt 0.908947 0.619207
vt 0.928440 0.472256
vt 0.915016 0.525708
vt 0.908947 0.462134
vt 0.749578 0.195188
vt 0.851062 0.452012
vt 0.800320 0.525707
vt 0.800320 0.452012
vt 0.236372 0.951922
vt 0.239704 0.854822
vt 0.239704 0.951922
vt 0.906556 0.441596
vt 0.903055 0.378317
vt 0.913843 0.378317
vt 0.943230 0.525708
vt 0.037641 0.617327
vt 0.034978 0.554048
vt 0.045775 0.554048
vt 0.074346 0.701438
vt 0.046108 0.731364
vt 0.046108 0.701438
vt 0.801581 0.070733
vt 0.769131 0.017870
vt 0.801458 0.017870
vt 0.832728 0.378317
vt 0.800320 0.378317
vt 0.059543 0.784816
vt 0.040034 0.794938
vt 0.054758 0.825891
vt 0.045775 0.878754
vt 0.037641 0.815475
vt 0.059543 0.647986
vt 0.040034 0.637864
vt 0.851062 0.555634
vt 0.800320 0.555634
vt 0.923658 0.650161
vt 0.913843 0.703024
vt 0.906556 0.639745
vt 0.054417 0.805232
vt 0.038844 0.805153
vt 0.923318 0.451840
vt 0.923658 0.431180
vt 0.907758 0.451919
vt 0.923318 0.629501
vt 0.907758 0.629422
vt 0.054417 0.627570
vt 0.054758 0.606911
vt 0.038844 0.627650
vt 0.851856 0.248639
vt 0.801605 0.269054
vt 0.852219 0.269054
vt 0.801581 0.289714
vt 0.852195 0.070733
vt 0.801605 0.091393
vt 0.851856 0.111809
vt 0.769131 0.342577
vt 0.801458 0.342577
vt 0.897733 0.150847
vt 0.892010 0.248018
vt 0.892010 0.150840
vt 0.081554 0.914494
vt 0.093312 0.922921
vt 0.084885 0.937111
vt 0.797438 0.550763
vt 0.819991 0.551796
vt 0.691207 0.914387
vt 0.696929 0.817201
vt 0.696929 0.914380
vt 0.811628 0.542336
vt 0.819991 0.529545
vt 0.803201 0.530578
vt 0.780648 0.529545
vt 0.789012 0.539005
vt 0.780648 0.551796
vt 0.749578 0.525707
vt 0.797438 0.530578
vt 0.793225 0.531707
vt 0.790141 0.534792
vt 0.789012 0.542336
vt 0.790141 0.546550
vt 0.793225 0.549634
vt 0.803201 0.550763
vt 0.807415 0.549634
vt 0.810499 0.546550
vt 0.811628 0.539005
vt 0.810499 0.534792
vt 0.807415 0.531707
vt 0.898588 0.017870
vt 0.902802 0.115058
vt 0.898588 0.115053
vt 0.902802 0.017875
vt 0.905886 0.115072
vt 0.687156 0.817224
vt 0.687156 0.914403
vt 0.232159 0.854775
vt 0.236372 0.854822
vt 0.704673 0.914414
vt 0.701247 0.817207
vt 0.704673 0.817235
vt 0.701247 0.914386
vt 0.902050 0.248019
vt 0.897733 0.248025
vt 0.902050 0.150840
vt 0.905477 0.247990
vt 0.243917 0.951875
vt 0.243917 0.854775
vt 0.895257 0.115053
vt 0.891044 0.017875
vt 0.895257 0.017870
vt 0.891044 0.115058
vt 0.887959 0.017889
vt 0.887959 0.150823
vt 0.887959 0.248001
vt 0.941217 0.182902
vt 0.949458 0.195689
vt 0.941217 0.195689
vt 0.941217 0.170859
vt 0.949458 0.182902
vt 0.949458 0.160024
vt 0.949458 0.170859
vt 0.325886 0.900017
vt 0.334220 0.887115
vt 0.334068 0.899931
vt 0.941217 0.150812
vt 0.941217 0.160024
vt 0.326485 0.875100
vt 0.326037 0.887201
vt 0.328191 0.948571
vt 0.335395 0.937723
vt 0.336374 0.948486
vt 0.327212 0.864180
vt 0.334668 0.875015
vt 0.326485 0.925816
vt 0.327212 0.937809
vt 0.336374 0.854775
vt 0.335395 0.864095
vt 0.326037 0.913056
vt 0.334668 0.925731
vt 0.885886 0.738764
vt 0.878180 0.749614
vt 0.877666 0.738765
vt 0.334220 0.912970
vt 0.886753 0.761665
vt 0.886400 0.749613
vt 0.895075 0.770496
vt 0.878533 0.761666
vt 0.895075 0.791457
vt 0.870572 0.770498
vt 0.583406 0.773505
vt 0.572259 0.781461
vt 0.571704 0.775833
vt 0.594430 0.768939
vt 0.585048 0.778917
vt 0.604351 0.762310
vt 0.597096 0.773926
vt 0.612787 0.753873
vt 0.607938 0.766682
vt 0.624404 0.746618
vt 0.617159 0.757461
vt 0.623982 0.732929
vt 0.619416 0.743952
vt 0.626295 0.726257
vt 0.629394 0.734570
vt 0.626295 0.704264
vt 0.631901 0.725741
vt 0.505167 0.721226
vt 0.502083 0.734570
vt 0.499539 0.721781
vt 0.512061 0.743952
vt 0.507495 0.732929
vt 0.514318 0.757461
vt 0.507073 0.746618
vt 0.527126 0.762310
vt 0.518690 0.753873
vt 0.534381 0.773926
vt 0.523539 0.766682
vt 0.537047 0.768939
vt 0.546429 0.778917
vt 0.548070 0.773505
vt 0.559218 0.781461
vt 0.559773 0.775833
vt 0.259726 0.799906
vt 0.266976 0.811516
vt 0.256141 0.804279
vt 0.251296 0.791475
vt 0.246927 0.795065
vt 0.244672 0.781559
vt 0.239688 0.784228
vt 0.240109 0.770540
vt 0.234701 0.772185
vt 0.232159 0.759398
vt 0.237783 0.758841
vt 0.237783 0.746910
vt 0.232159 0.746360
vt 0.238052 0.739802
vt 0.232875 0.737100
vt 0.246463 0.719480
vt 0.240889 0.717732
vt 0.351949 0.781495
vt 0.349694 0.795003
vt 0.345325 0.791418
vt 0.336895 0.799859
vt 0.340480 0.804228
vt 0.329645 0.811478
vt 0.326981 0.806493
vt 0.315966 0.811065
vt 0.317606 0.816475
vt 0.304826 0.819027
vt 0.304272 0.813400
vt 0.291795 0.819035
vt 0.292349 0.813407
vt 0.279015 0.816499
vt 0.280655 0.811087
vt 0.269640 0.806528
vt 0.946006 0.774838
vt 0.930816 0.796832
vt 0.930816 0.774838
vt 0.934290 0.768164
vt 0.942531 0.757136
vt 0.934290 0.757136
vt 0.942531 0.747209
vt 0.934290 0.747209
vt 0.942531 0.738764
vt 0.934290 0.738764
vt 0.816308 0.869679
vt 0.809020 0.859758
vt 0.817203 0.859842
vt 0.807459 0.880560
vt 0.815642 0.880644
vt 0.807049 0.892231
vt 0.815232 0.892315
vt 0.806911 0.904161
vt 0.815094 0.904245
vt 0.807049 0.915891
vt 0.815232 0.915975
vt 0.807459 0.926970
vt 0.815642 0.927054
vt 0.808125 0.936973
vt 0.816308 0.937057
vt 0.809020 0.945514
vt 0.817203 0.945598
vt 0.400857 0.891006
vt 0.409547 0.881091
vt 0.409077 0.891006
vt 0.400533 0.902026
vt 0.408754 0.902025
vt 0.400368 0.913726
vt 0.408589 0.913726
vt 0.941217 0.208730
vt 0.949458 0.208730
vt 0.941217 0.221522
vt 0.949458 0.221522
vt 0.941217 0.233574
vt 0.287991 0.890350
vt 0.279657 0.903304
vt 0.279808 0.890266
vt 0.949458 0.233574
vt 0.941217 0.244424
vt 0.287840 0.903388
vt 0.279808 0.916124
vt 0.949458 0.244424
vt 0.941217 0.253654
vt 0.287991 0.916208
vt 0.280256 0.928232
vt 0.290145 0.854859
vt 0.280984 0.865525
vt 0.281963 0.854775
vt 0.289167 0.939248
vt 0.280984 0.939164
vt 0.289167 0.865610
vt 0.280256 0.877509
vt 0.281963 0.948499
vt 0.288439 0.877593
vt 0.877666 0.823165
vt 0.886399 0.812328
vt 0.885886 0.823164
vt 0.878179 0.812329
vt 0.886753 0.800285
vt 0.878533 0.800285
vt 0.559218 0.649060
vt 0.571704 0.654688
vt 0.559773 0.654688
vt 0.572259 0.649060
vt 0.583406 0.657016
vt 0.585048 0.651604
vt 0.594430 0.661582
vt 0.597096 0.656595
vt 0.604351 0.668211
vt 0.607938 0.663839
vt 0.612787 0.676648
vt 0.617159 0.673060
vt 0.619416 0.686569
vt 0.629394 0.695951
vt 0.623982 0.697592
vt 0.499539 0.708740
vt 0.505167 0.709295
vt 0.507495 0.697592
vt 0.507073 0.683903
vt 0.512061 0.686569
vt 0.518689 0.676648
vt 0.523539 0.663839
vt 0.527126 0.668211
vt 0.534381 0.656595
vt 0.537047 0.661582
vt 0.546429 0.651604
vt 0.548070 0.657016
vt 0.315966 0.694591
vt 0.329645 0.694161
vt 0.326981 0.699150
vt 0.304272 0.692271
vt 0.317606 0.689179
vt 0.292349 0.692278
vt 0.304826 0.686643
vt 0.280655 0.694613
vt 0.291795 0.686651
vt 0.269640 0.699185
vt 0.279015 0.689202
vt 0.259726 0.705819
vt 0.266976 0.694199
vt 0.246927 0.710675
vt 0.251296 0.714260
vt 0.361920 0.772108
vt 0.356512 0.770470
vt 0.358838 0.758767
vt 0.364462 0.746280
vt 0.358838 0.746837
vt 0.356512 0.735138
vt 0.356933 0.721450
vt 0.351949 0.724118
vt 0.349694 0.710613
vt 0.345326 0.714203
vt 0.340480 0.701399
vt 0.336895 0.705772
vt 0.934290 0.803501
vt 0.946006 0.796832
vt 0.942531 0.803501
vt 0.942531 0.814520
vt 0.934290 0.814520
vt 0.942531 0.824434
vt 0.934290 0.824434
vt 0.942531 0.832863
vt 0.934290 0.832863
vt 0.951919 0.103614
vt 0.942840 0.093852
vt 0.951023 0.093766
vt 0.950357 0.082793
vt 0.942175 0.082879
vt 0.941765 0.071203
vt 0.949948 0.071118
vt 0.941626 0.059273
vt 0.949809 0.059187
vt 0.941765 0.047547
vt 0.949948 0.047461
vt 0.942175 0.036475
vt 0.950357 0.036389
vt 0.942840 0.026483
vt 0.951023 0.026398
vt 0.943736 0.017956
vt 0.951919 0.017870
vt 0.409547 0.958316
vt 0.400857 0.948390
vt 0.409077 0.948389
vt 0.400533 0.937362
vt 0.408754 0.937362
vt 0.400368 0.925658
vt 0.408589 0.925657
vt 0.886802 0.555634
vt 0.886802 0.525708
vt 0.889454 0.452012
vt 0.889454 0.629329
vt 0.017870 0.701438
vt 0.020524 0.627743
vt 0.017870 0.731364
vt 0.020524 0.805059
vt 0.034978 0.878754
vt 0.924630 0.378317
vt 0.870572 0.923296
vt 0.870572 0.891114
vt 0.903055 0.703024
vt 0.056572 0.554048
vt 0.749578 0.924122
vt 0.749578 0.891940
vt 0.760374 0.859771
vt 0.749578 0.859758
vt 0.881368 0.858918
vt 0.870572 0.858932
vt 0.833784 0.342577
vt 0.852195 0.289714
vt 0.750627 0.111809
vt 0.750991 0.091392
vt 0.750966 0.070733
vt 0.750966 0.289714
vt 0.750991 0.269054
vt 0.749578 0.629329
vt 0.749578 0.555634
vt 0.767912 0.378317
vt 0.749578 0.452012
vt 0.833784 0.017870
vt 0.850807 0.165262
vt 0.850807 0.195188
vt 0.767912 0.703024
vt 0.771171 0.859784
vt 0.892165 0.858905
vt 0.503448 0.613110
vt 0.667643 0.613247
vt 0.467708 0.017913
vt 0.631903 0.018001
vt 0.232189 0.650737
vt 0.196404 0.017924
vt 0.385437 0.551649
vt 0.196419 0.686560
vt 0.429805 0.787307
vt 0.290922 0.117124
vt 0.290934 0.650809
vt 0.187994 0.686826
vt 0.385448 0.017962
vt 0.089206 0.117586
vt 0.359089 0.161776
vt 0.260101 0.018034
vt 0.030087 0.018378
vt 0.059681 0.017870
vt 0.385448 0.650830
vt 0.354616 0.650741
vt 0.196419 0.650820
vt 0.166825 0.650766
vt 0.232159 0.017870
vt 0.019855 0.141773
vt 0.370062 0.532969
vt 0.557610 0.870005
vt 0.290934 0.017942
vt 0.089274 0.018378
vt 0.326674 0.650901
vt 0.137231 0.650820
vt 0.101429 0.493771
vt 0.141683 0.859116
vt 0.667643 0.689099
vt 0.359566 0.509548
vt 0.099718 0.518308
vt 0.276381 0.018020
vt 0.043665 0.018002
vt 0.075697 0.018002
vt 0.370896 0.650754
vt 0.339087 0.650792
vt 0.182841 0.650780
vt 0.150809 0.650780
vt 0.244572 0.017981
vt 0.458140 0.783877
vt 0.698486 0.649060
vt 0.554933 0.914014
vt 0.141683 0.892772
vt 0.519164 0.914164
vt 0.554962 0.940301
vt 0.385434 0.142002
vt 0.688999 0.725335
vt 0.019643 0.518308
vt 0.421440 0.649087
vt 0.421654 0.648999
vt 0.421884 0.648999
vt 0.422098 0.649088
vt 0.422261 0.649252
vt 0.422350 0.649466
vt 0.422350 0.649697
vt 0.422098 0.650074
vt 0.421884 0.650163
vt 0.421654 0.650163
vt 0.421277 0.649910
vt 0.421189 0.649696
vt 0.421189 0.649465
vt 0.980130 0.520854
vt 0.980963 0.485106
vt 0.932815 0.975386
vt 0.971699 0.975392
vt 0.892165 0.923269
vt 0.771171 0.924148
vt 0.851062 0.629329
vt 0.943230 0.555634
vt 0.851062 0.525707
vt 0.074346 0.731364
vt 0.056572 0.878754
vt 0.924630 0.703024
vt 0.852219 0.091393
vt 0.081554 0.937111
vt 0.077341 0.935982
vt 0.074256 0.932898
vt 0.073127 0.928684
vt 0.073127 0.922921
vt 0.074256 0.918708
vt 0.077341 0.915623
vt 0.084885 0.914494
vt 0.089099 0.915623
vt 0.092183 0.918708
vt 0.093312 0.928684
vt 0.092183 0.932898
vt 0.089099 0.935982
vt 0.691207 0.817208
vt 0.905886 0.017889
vt 0.232159 0.951875
vt 0.905477 0.150812
vt 0.887959 0.115072
vt 0.949458 0.150812
vt 0.328191 0.854861
vt 0.870572 0.791459
vt 0.631903 0.704780
vt 0.356933 0.784157
vt 0.942531 0.768164
vt 0.808125 0.869595
vt 0.401327 0.881091
vt 0.949458 0.253654
vt 0.288439 0.928316
vt 0.290145 0.948583
vt 0.624404 0.683903
vt 0.502083 0.695951
vt 0.514318 0.673060
vt 0.256141 0.701450
vt 0.364462 0.759318
vt 0.361920 0.733493
vt 0.943736 0.103700
vt 0.401327 0.958316
s 1
g off
usemtl Transparent_Ampul
f 52/4/3 7/5/4 5/6/3
f 70/28/19 25/29/20 23/30/19
f 67/31/21 22/32/22 20/33/21
f 64/34/23 19/35/24 17/36/23
f 61/37/25 16/38/26 14/39/25
f 58/40/27 13/41/28 11/42/27
f 55/43/29 10/44/30 8/45/29
f 5/6/3 54/46/31 52/4/3
f 6/47/31 53/48/32 54/46/31
f 8/45/29 57/49/33 55/43/29
f 9/50/33 56/51/4 57/52/33
f 11/42/27 60/53/34 58/40/27
f 12/54/34 59/55/30 60/53/34
f 14/39/25 63/56/35 61/37/25
f 15/57/35 62/58/28 63/56/35
f 17/36/23 66/59/36 64/34/23
f 18/60/36 65/61/26 66/59/36
f 20/33/21 69/62/37 67/31/21
f 21/63/37 68/64/24 69/65/37
f 23/30/19 72/66/38 70/28/19
f 24/67/38 71/68/22 72/66/38
f 27/70/39 74/71/20 75/69/39
f 51/97/47 2/98/48 3/96/47
f 49/99/48 4/100/32 2/98/48
f 52/4/3 56/51/4 7/5/4
f 70/28/19 74/71/20 25/29/20
f 67/31/21 71/68/22 22/32/22
f 64/34/23 68/64/24 19/35/24
f 61/37/25 65/61/26 16/38/26
f 58/40/27 62/58/28 13/41/28
f 55/43/29 59/55/30 10/44/30
f 5/6/3 6/47/31 54/46/31
f 6/47/31 4/100/32 53/48/32
f 8/45/29 9/1521/33 57/49/33
f 9/50/33 7/5/4 56/51/4
f 11/42/27 12/54/34 60/53/34
f 12/54/34 10/44/30 59/55/30
f 14/39/25 15/57/35 63/56/35
f 15/57/35 13/41/28 62/58/28
f 17/36/23 18/60/36 66/59/36
f 18/60/36 16/38/26 65/61/26
f 20/33/21 21/1522/37 69/62/37
f 21/63/37 19/35/24 68/64/24
f 23/30/19 24/67/38 72/66/38
f 24/67/38 22/32/22 71/68/22
f 27/70/39 25/29/20 74/71/20
f 51/97/47 49/99/48 2/98/48
f 49/99/48 53/48/32 4/100/32
usemtl Metal_Syringe
f 94/1/1 1/2/2 47/3/1
f 91/7/5 46/8/6 44/9/5
f 88/10/7 43/11/8 41/12/7
f 85/13/9 40/14/10 38/15/9
f 82/16/11 37/17/12 35/18/11
f 79/19/13 34/20/14 32/21/13
f 76/22/15 31/23/16 29/24/15
f 73/25/17 28/26/18 26/27/17
f 26/27/17 75/69/39 73/25/17
f 29/24/15 78/72/40 76/22/15
f 30/73/40 77/74/18 78/72/40
f 32/21/13 81/75/41 79/19/13
f 33/76/41 80/77/16 81/78/41
f 35/18/11 84/79/42 82/16/11
f 36/80/42 83/81/14 84/79/42
f 38/15/9 87/82/43 85/13/9
f 39/83/43 86/84/12 87/82/43
f 41/12/7 90/85/44 88/10/7
f 42/86/44 89/87/10 90/85/44
f 44/9/5 93/88/45 91/7/5
f 45/89/45 92/90/8 93/91/45
f 47/3/1 96/92/46 94/1/1
f 48/93/46 95/94/6 96/92/46
f 50/95/2 3/96/47 1/2/2
f 221/101/49 140/102/50 224/103/51
f 224/103/51 100/104/52 227/105/53
f 227/106/53 106/107/54 230/108/55
f 234/109/56 106/107/54 115/110/57
f 107/111/58 329/112/59 116/113/60
f 234/109/56 121/114/61 236/115/62
f 236/115/62 127/116/63 239/117/64
f 503/118/65 240/119/66 204/120/67
f 408/121/65 405/122/65 193/123/68
f 150/124/31 641/125/69 549/126/70
f 411/127/3 644/128/69 651/129/71
f 413/130/65 209/123/66 194/131/67
f 188/132/5 533/133/45 528/134/5
f 525/135/72 521/136/65 206/137/66
f 182/138/9 515/139/43 510/140/9
f 179/141/11 506/142/42 501/143/11
f 176/144/13 497/145/41 492/146/13
f 174/147/40 486/148/18 488/149/40
f 480/150/65 477/151/72 201/152/66
f 470/153/38 564/154/73 728/155/74
f 167/156/19 735/157/75 731/158/74
f 461/159/37 582/160/76 713/161/77
f 168/162/38 588/163/78 743/164/79
f 708/165/80 447/166/23 596/167/81
f 723/168/82 593/169/83 693/170/84
f 698/171/35 438/172/25 609/173/85
f 162/174/36 612/175/26 705/176/36
f 434/177/34 620/178/86 690/179/87
f 155/180/27 687/181/34 617/182/27
f 152/183/29 675/184/88 672/185/89
f 425/186/33 633/187/90 678/188/91
f 386/189/92 865/190/93 389/191/93
f 248/192/94 103/193/95 251/194/96
f 459/195/65 225/196/66 199/197/66
f 258/198/47 357/199/31 260/200/31
f 477/151/72 231/201/66 201/152/66
f 119/202/97 312/203/98 125/204/99
f 122/205/100 336/206/101 128/207/102
f 485/208/65 233/152/66 202/209/66
f 431/210/72 216/211/66 196/212/66
f 495/213/65 237/209/66 203/119/66
f 218/214/103 142/215/104 221/101/49
f 242/216/105 134/217/106 245/218/107
f 441/219/65 219/212/66 197/220/66
f 449/221/72 222/220/66 198/196/66
f 255/222/108 110/223/109 210/224/110
f 215/225/111 130/226/112 218/214/103
f 212/227/113 124/228/114 215/229/111
f 251/230/96 112/231/115 255/222/108
f 539/232/65 252/233/66 208/234/66
f 245/218/107 97/235/116 248/192/94
f 521/136/65 246/236/66 206/137/66
f 242/216/105 127/237/63 136/238/117
f 272/239/36 372/240/37 275/241/37
f 139/242/118 324/243/119 101/244/120
f 133/245/121 345/246/122 98/247/123
f 513/248/65 243/120/66 205/236/67
f 143/249/124 321/250/125 139/242/118
f 133/245/121 339/251/126 342/252/127
f 143/249/124 315/253/128 318/254/129
f 128/255/102 339/251/126 137/256/130
f 131/257/131 312/258/98 315/253/128
f 113/259/132 305/260/133 109/261/134
f 423/262/65 213/131/66 195/211/67
f 254/234/66 193/123/68 405/122/65
f 116/113/60 333/263/135 122/205/100
f 101/264/120 327/265/136 107/111/58
f 98/247/123 348/266/137 104/267/138
f 467/268/65 228/197/66 200/201/67
f 531/269/65 249/137/66 207/233/66
f 139/242/118 144/270/139 143/249/124
f 144/270/139 140/102/50 142/215/104
f 133/245/121 138/271/140 137/256/130
f 135/272/141 136/238/117 138/271/140
f 143/249/124 132/273/142 131/257/131
f 144/270/139 130/226/112 132/273/142
f 137/256/130 129/274/143 128/255/102
f 138/271/140 127/237/63 129/274/143
f 131/257/131 126/275/144 125/276/99
f 132/273/142 124/277/114 126/275/144
f 128/207/102 123/278/145 122/205/100
f 129/279/143 121/114/61 123/278/145
f 125/204/99 120/280/146 119/202/97
f 126/281/144 118/282/147 120/280/146
f 116/113/60 123/278/145 117/283/148
f 123/278/145 115/110/57 117/283/148
f 109/261/134 114/284/149 113/259/132
f 111/285/150 112/231/115 114/284/149
f 119/202/97 111/285/150 109/261/134
f 120/280/146 110/223/109 111/285/150
f 116/113/60 108/286/151 107/111/58
f 108/286/151 115/110/57 106/107/54
f 113/259/132 105/287/152 104/288/138
f 114/284/149 103/289/95 105/287/152
f 107/111/58 102/290/153 101/264/120
f 108/286/151 100/291/52 102/290/153
f 104/267/138 99/292/154 98/247/123
f 105/293/152 97/235/116 99/292/154
f 101/244/120 141/294/155 139/242/118
f 141/294/155 100/104/52 140/102/50
f 98/247/123 135/272/141 133/245/121
f 99/292/154 134/217/106 135/272/141
f 104/288/138 350/295/156 113/259/132
f 303/296/46 354/297/47 258/198/47
f 267/298/68 311/299/68 264/300/68
f 263/301/33 363/302/34 266/303/34
f 273/304/66 317/305/68 270/306/66
f 269/307/35 369/308/36 272/239/36
f 278/309/38 372/310/37 375/311/38
f 278/309/38 378/312/39 282/313/39
f 282/313/39 381/314/40 284/315/40
f 284/315/40 384/316/41 287/317/41
f 287/318/41 387/319/42 290/320/42
f 290/320/42 390/321/43 293/322/43
f 293/322/43 393/323/44 296/324/44
f 296/324/44 396/325/45 299/326/45
f 299/327/45 398/328/46 303/296/46
f 109/261/134 309/329/157 119/202/97
f 260/200/31 360/330/33 263/331/33
f 401/332/65 408/121/65 193/123/68
f 297/333/66 341/334/66 294/335/66
f 273/304/66 323/336/66 320/337/66
f 297/333/66 347/338/66 344/339/66
f 279/340/66 323/336/66 276/341/66
f 302/342/68 347/338/66 300/343/66
f 279/340/66 330/344/66 326/345/68
f 261/346/66 306/347/66 257/348/66
f 302/342/68 306/347/66 351/349/66
f 285/350/68 330/344/66 281/351/66
f 264/300/68 308/352/66 261/346/66
f 285/350/68 335/353/66 332/354/66
f 266/303/34 366/355/35 269/307/35
f 291/356/68 335/353/66 288/357/68
f 267/298/68 317/305/68 314/358/66
f 291/356/68 341/334/66 338/359/66
f 402/360/48 666/361/158 836/362/159
f 410/363/160 417/364/65 194/131/67
f 422/365/4 545/366/161 552/367/162
f 419/368/160 426/369/65 195/211/67
f 420/370/29 638/371/163 633/187/90
f 425/372/33 684/373/164 558/374/165
f 429/375/27 626/376/166 620/178/86
f 432/377/30 690/179/87 638/371/163
f 609/173/85 450/378/26 615/379/167
f 440/380/28 698/171/35 626/376/166
f 596/167/81 458/381/24 603/382/168
f 615/379/167 452/383/36 708/165/80
f 456/384/21 591/385/169 584/386/170
f 603/382/168 461/387/37 720/388/171
f 465/389/19 576/390/172 566/391/173
f 170/392/17 749/393/174 752/394/174
f 474/395/17 172/396/18 170/392/17
f 476/397/20 777/398/175 780/399/175
f 483/400/15 175/401/16 173/402/15
f 491/403/65 498/404/72 203/119/66
f 492/146/13 178/405/14 176/144/13
f 177/406/41 494/407/16 497/408/41
f 501/143/11 181/409/12 179/141/11
f 509/410/160 516/411/65 205/236/67
f 510/140/9 184/412/10 182/138/9
f 183/413/43 512/414/12 515/139/43
f 519/415/7 187/416/8 185/417/7
f 186/418/44 522/419/10 524/420/44
f 528/134/5 190/421/6 188/132/5
f 189/422/45 530/423/8 533/424/45
f 191/425/1 542/426/46 536/427/1
f 551/428/176 585/429/177 747/430/178
f 151/431/4 681/432/164 675/433/88
f 416/434/31 656/435/179 668/436/179
f 654/437/180 725/438/181 732/439/182
f 417/364/65 413/130/65 194/131/67
f 156/440/34 636/441/183 692/442/184
f 426/369/65 423/262/65 195/211/67
f 560/443/185 663/444/186 834/445/187
f 428/446/65 435/447/160 196/212/66
f 435/447/160 431/210/72 196/212/66
f 159/448/35 624/449/28 696/450/35
f 437/451/188 444/452/72 197/220/66
f 642/453/189 654/437/180 734/454/190
f 444/452/72 441/219/65 197/220/66
f 160/455/26 605/456/25 612/175/26
f 446/457/65 453/458/72 198/196/66
f 636/441/183 152/183/29 629/459/191
f 453/458/72 449/221/72 198/196/66
f 163/460/24 594/461/192 600/462/193
f 455/463/65 462/464/72 199/197/66
f 157/465/28 617/182/27 624/449/28
f 462/464/72 459/195/65 199/197/66
f 166/466/22 579/467/194 588/163/78
f 464/468/65 471/469/65 200/201/67
f 618/470/195 704/471/196 606/472/197
f 468/473/22 738/474/198 746/475/79
f 567/476/199 665/477/200 729/478/201
f 471/469/65 467/268/65 200/201/67
f 161/479/23 705/176/36 701/480/202
f 473/481/65 480/150/65 201/152/66
f 173/402/15 488/149/40 483/400/15
f 164/482/21 717/483/203 710/484/77
f 482/485/65 489/486/72 202/209/66
f 489/486/72 485/208/65 202/209/66
f 498/404/72 495/213/65 203/119/66
f 500/487/160 507/488/65 204/120/67
f 180/489/42 504/490/14 506/142/42
f 507/488/65 503/118/65 204/120/67
f 516/411/65 513/248/65 205/236/67
f 185/417/7 524/420/44 519/415/7
f 518/491/65 525/135/72 206/137/66
f 527/492/65 534/493/72 207/233/66
f 534/493/72 531/269/65 207/233/66
f 537/494/72 543/495/72 208/234/66
f 192/496/46 540/497/6 542/426/46
f 543/495/72 539/232/65 208/234/66
f 536/427/1 145/498/2 191/425/1
f 145/498/2 791/499/204 788/500/204
f 671/501/205 680/502/206 716/503/207
f 407/504/47 809/505/208 815/506/208
f 158/507/25 696/450/35 605/456/25
f 771/508/209 813/509/210 774/510/211
f 169/511/20 561/512/212 569/513/173
f 148/514/32 662/515/179 653/516/179
f 756/517/213 789/518/214 750/519/215
f 165/520/37 600/462/193 722/521/216
f 818/522/217 572/523/218 834/445/187
f 149/524/3 555/525/219 151/431/4
f 639/526/220 699/527/221 597/528/222
f 750/519/215 792/529/223 753/530/224
f 657/531/225 729/478/201 669/532/226
f 650/533/227 747/430/178 741/534/228
f 776/535/229 810/536/230 779/537/231
f 171/538/39 783/539/175 770/540/175
f 753/530/224 804/541/232 765/542/233
f 767/543/234 765/542/233 800/544/235
f 711/545/236 554/546/237 642/453/189
f 585/429/177 557/547/238 714/548/239
f 567/476/199 786/549/240 827/550/241
f 146/551/48 833/552/159 660/553/242
f 786/549/240 810/536/230 825/554/243
f 147/555/47 822/556/208 819/557/208
f 758/558/244 813/509/210 795/559/245
f 767/543/234 816/560/246 776/535/229
f 782/561/247 821/562/248 771/508/209
f 549/126/249 643/563/250 550/564/251
f 550/565/251 642/453/189 548/566/252
f 212/227/253 211/567/254 210/224/255
f 214/568/256 209/123/257 211/569/258
f 645/570/259 652/571/260 646/572/261
f 646/573/261 651/129/262 644/128/263
f 236/115/264 235/574/265 234/109/266
f 238/575/267 233/152/268 235/576/269
f 254/234/270 211/569/258 209/123/257
f 256/577/271 210/224/255 211/567/254
f 621/578/272 691/579/273 622/580/274
f 622/580/274 690/179/275 620/178/276
f 260/200/277 259/581/278 258/198/279
f 262/582/280 257/348/281 259/583/282
f 707/584/283 598/585/284 597/528/222
f 709/586/285 596/167/286 598/585/284
f 284/315/287 283/587/288 282/313/289
f 286/588/290 281/351/291 283/589/292
f 722/521/293 718/590/294 717/591/295
f 724/592/296 716/503/207 718/593/294
f 302/342/297 259/583/282 257/348/281
f 304/594/298 258/198/279 259/581/278
f 572/523/218 784/595/299 574/596/300
f 574/597/300 783/539/301 573/598/302
f 795/559/245 790/599/303 789/518/214
f 796/600/304 788/500/305 790/601/303
f 813/509/210 823/602/306 814/603/307
f 823/604/306 812/605/308 814/606/307
f 308/352/309 307/607/310 306/347/311
f 310/608/312 305/260/313 307/609/314
f 332/354/315 331/610/316 330/344/68
f 334/611/317 329/112/318 331/612/319
f 350/295/320 307/609/314 305/260/313
f 352/613/321 306/347/311 307/607/310
f 840/614/322 355/615/323 839/616/324
f 355/617/278 357/199/325 354/297/326
f 842/618/327 379/619/328 841/620/329
f 382/621/330 378/312/289 379/622/331
f 354/297/326 400/623/332 355/617/278
f 400/624/333 839/616/324 355/615/323
f 407/504/334 403/625/335 402/360/336
f 409/626/337 401/332/338 403/627/339
f 413/130/340 403/627/339 401/332/338
f 403/625/335 414/628/341 402/360/336
f 425/186/342 421/629/343 420/370/344
f 427/630/345 419/368/346 421/631/347
f 419/368/346 433/632/348 421/631/347
f 433/633/349 420/370/344 421/629/343
f 443/634/350 439/635/351 438/172/352
f 445/636/353 437/451/354 439/637/355
f 449/221/356 439/637/355 437/451/354
f 451/638/357 438/172/352 439/635/351
f 461/159/358 457/639/359 456/384/360
f 463/640/361 455/463/362 457/641/363
f 455/463/362 469/642/364 457/641/363
f 469/643/365 456/384/360 457/639/359
f 479/644/366 475/645/367 474/395/368
f 481/646/369 473/481/370 475/647/371
f 473/481/370 487/648/372 475/647/371
f 487/649/373 474/395/368 475/645/367
f 497/145/374 493/650/375 492/146/376
f 499/651/377 491/403/378 493/652/379
f 503/118/380 493/652/379 491/403/378
f 493/650/375 504/490/381 492/146/376
f 515/139/382 511/653/383 510/140/384
f 517/654/385 509/410/386 511/655/387
f 509/410/386 523/656/388 511/655/387
f 523/657/389 510/140/384 511/653/383
f 533/133/390 529/658/391 528/134/392
f 535/659/393 527/492/394 529/660/395
f 527/492/394 541/661/396 529/660/395
f 541/662/397 528/134/392 529/658/391
f 546/663/398 553/664/399 547/665/400
f 547/666/400 552/367/401 545/366/402
f 545/366/402 559/667/403 547/666/400
f 547/665/400 557/547/238 546/663/398
f 593/169/83 601/668/404 595/669/405
f 595/670/405 600/462/406 594/461/407
f 618/470/195 625/671/408 619/672/409
f 619/673/409 624/449/410 617/182/411
f 212/227/253 217/674/412 214/675/413
f 217/676/414 213/131/415 214/568/256
f 666/361/416 670/677/417 667/678/418
f 667/679/418 669/532/226 665/477/200
f 236/115/264 241/680/419 238/681/420
f 241/682/421 237/209/422 238/575/267
f 617/182/411 688/683/423 619/673/409
f 619/672/409 686/684/424 618/470/195
f 260/200/277 265/685/425 262/686/426
f 265/687/427 261/346/428 262/582/280
f 701/480/429 595/670/405 594/461/407
f 703/688/430 593/169/83 595/669/405
f 284/315/287 289/689/431 286/690/432
f 289/691/433 285/350/434 286/588/290
f 740/692/435 739/693/436 738/474/437
f 742/694/438 737/695/439 739/696/436
f 747/430/178 739/696/436 737/695/439
f 748/697/440 738/474/437 739/693/436
f 764/698/441 763/699/442 762/700/443
f 766/701/444 761/702/445 763/703/442
f 767/543/234 763/703/442 761/702/445
f 769/704/446 762/700/443 763/699/442
f 834/445/187 832/705/447 830/706/448
f 835/707/449 831/708/450 832/709/447
f 824/710/451 811/711/452 809/505/453
f 826/712/454 810/536/230 811/713/452
f 665/477/200 838/714/455 667/679/418
f 667/678/418 836/362/456 666/361/416
f 819/557/457 823/604/306 820/715/458
f 820/716/458 821/562/248 818/522/217
f 720/388/459 604/717/460 603/382/461
f 721/718/462 602/719/463 604/717/460
f 311/299/464 310/720/465 308/352/309
f 310/608/312 312/203/466 309/329/467
f 335/353/468 334/721/469 332/354/315
f 337/722/470 333/263/471 334/611/317
f 840/614/322 361/723/472 358/724/473
f 361/725/474 357/199/325 358/726/475
f 845/727/476 382/728/477 842/618/327
f 385/729/478 381/314/479 382/621/330
f 405/122/480 409/626/337 406/730/481
f 406/731/482 407/504/334 404/732/483
f 423/262/484 427/630/345 424/733/485
f 424/734/486 425/372/342 422/365/487
f 683/735/488 679/736/489 677/737/490
f 685/738/491 678/188/492 679/736/489
f 441/219/493 445/636/353 442/739/494
f 442/740/495 443/634/350 440/380/496
f 459/195/497 463/640/361 460/741/498
f 460/742/499 461/387/358 458/381/500
f 477/151/501 481/646/369 478/743/502
f 478/744/503 479/644/366 476/397/504
f 495/213/505 499/651/377 496/745/506
f 496/746/507 497/408/374 494/407/508
f 513/248/509 517/654/385 514/747/510
f 514/748/511 515/139/382 512/414/512
f 531/269/513 535/659/393 532/749/514
f 532/750/515 533/424/390 530/423/516
f 404/732/483 538/751/517 406/731/482
f 538/752/518 405/122/480 406/730/481
f 554/546/237 550/565/251 548/566/252
f 556/753/519 549/126/249 550/564/251
f 603/382/461 598/585/284 596/167/286
f 604/717/460 597/528/222 598/585/284
f 620/178/276 628/754/520 622/580/274
f 622/580/274 627/755/521 621/578/272
f 215/225/522 220/756/523 217/757/412
f 220/758/524 216/211/525 217/676/414
f 650/533/227 658/759/526 652/571/260
f 652/760/260 656/435/527 651/129/262
f 242/216/528 241/761/419 239/762/529
f 244/763/530 240/119/531 241/682/421
f 554/546/237 682/764/532 556/765/519
f 556/753/519 681/432/533 555/525/534
f 626/376/535 700/766/536 628/754/520
f 628/754/520 699/527/221 627/755/521
f 710/484/537 580/767/538 579/467/539
f 712/768/540 578/769/541 580/770/538
f 287/318/542 292/771/543 289/772/431
f 292/773/544 288/357/545 289/691/433
f 774/510/211 772/774/546 771/508/209
f 772/775/546 773/776/547 770/540/548
f 783/539/301 772/775/546 770/540/548
f 784/595/299 771/508/209 772/774/546
f 830/706/448 820/716/458 818/522/217
f 832/709/447 819/557/457 820/715/458
f 311/299/464 316/777/549 313/778/550
f 316/777/551 312/779/466 313/778/552
f 335/353/468 340/780/553 337/781/554
f 337/782/470 339/251/555 336/783/556
f 846/784/557 361/723/472 844/785/558
f 364/786/559 360/787/560 361/788/474
f 684/789/561 559/790/403 558/791/562
f 685/738/491 557/547/238 559/790/403
f 845/727/476 388/792/563 385/793/564
f 388/794/565 384/795/566 385/796/478
f 731/158/567 727/797/568 726/798/569
f 733/799/570 725/438/181 727/800/568
f 675/433/571 682/801/532 676/802/572
f 676/803/572 680/502/206 674/804/573
f 266/303/574 265/805/425 263/301/575
f 268/806/576 264/300/577 265/687/427
f 551/428/176 646/572/261 553/664/399
f 553/807/399 644/128/263 552/367/401
f 218/214/578 223/808/579 220/756/523
f 223/809/580 219/212/581 220/758/524
f 672/185/582 676/810/572 673/811/583
f 673/812/583 674/804/573 671/501/205
f 242/216/528 247/813/584 244/814/585
f 244/763/530 246/236/586 243/120/587
f 695/815/588 625/671/408 623/816/589
f 697/817/590 624/449/410 625/818/408
f 269/307/591 268/819/592 266/303/574
f 271/820/593 267/298/594 268/806/576
f 723/168/82 601/668/404 599/821/595
f 724/822/296 600/462/406 601/823/404
f 293/322/596 292/771/543 290/320/597
f 292/773/544 294/335/598 291/356/66
f 767/543/234 778/824/599 769/825/446
f 769/704/446 777/398/600 768/826/601
f 785/827/602 577/828/603 576/390/604
f 787/829/605 575/830/606 577/831/603
f 791/499/305 805/832/607 793/833/608
f 793/834/608 804/541/232 792/529/223
f 314/358/609 319/835/610 316/777/549
f 319/836/611 315/253/612 316/837/551
f 338/359/613 343/838/614 340/780/553
f 343/839/615 339/251/555 340/840/616
f 846/784/557 367/841/617 364/842/618
f 364/786/559 366/355/619 363/302/620
f 847/843/621 391/844/622 388/792/563
f 391/845/623 387/319/624 388/794/565
f 570/846/625 574/596/300 571/847/626
f 571/848/626 573/598/302 569/513/627
f 578/769/541 589/849/628 580/770/538
f 580/767/538 588/163/629 579/467/539
f 224/103/630 223/808/579 221/101/631
f 226/850/632 222/220/633 223/809/580
f 669/532/226 658/759/526 657/531/225
f 670/677/417 656/435/527 658/851/526
f 632/852/634 679/736/489 634/853/635
f 634/853/635 678/188/492 633/187/636
f 248/192/637 247/813/584 245/218/638
f 250/854/639 246/236/586 247/855/640
f 699/527/221 610/856/641 608/857/642
f 700/766/536 609/173/643 610/856/641
f 272/239/644 271/858/645 269/307/591
f 274/859/646 270/306/647 271/820/593
f 561/512/648 727/797/568 562/860/649
f 562/861/649 725/862/181 560/443/185
f 296/324/650 295/863/651 293/322/596
f 298/864/652 294/335/598 295/865/653
f 729/478/201 742/694/438 730/866/654
f 730/867/654 740/692/435 728/155/655
f 765/542/233 754/868/656 753/530/224
f 766/869/444 752/394/657 754/870/656
f 801/871/658 808/872/659 802/873/660
f 802/874/660 807/875/661 800/544/235
f 824/710/451 829/876/662 826/877/454
f 826/712/454 827/550/241 825/554/243
f 320/337/663 319/835/610 317/305/664
f 322/878/665 318/254/666 319/836/611
f 344/339/667 343/838/614 341/334/668
f 346/879/669 342/252/670 343/839/615
f 850/880/671 367/841/617 848/881/67
f 367/882/672 369/308/673 366/355/619
f 851/883/674 391/844/622 849/884/66
f 394/885/675 390/321/676 391/845/623
f 833/552/677 661/886/678 660/553/679
f 835/887/449 659/888/680 661/889/678
f 416/434/681 412/890/682 411/127/683
f 418/891/684 410/363/685 412/892/686
f 423/262/484 412/892/686 410/363/685
f 412/890/682 422/365/487 411/127/683
f 434/177/687 430/893/688 429/375/689
f 436/894/690 428/446/691 430/895/692
f 441/219/493 430/895/692 428/446/691
f 430/893/688 440/380/496 429/375/689
f 452/383/693 448/896/694 447/166/695
f 454/897/696 446/457/697 448/898/698
f 459/195/497 448/898/698 446/457/697
f 460/742/499 447/166/695 448/896/694
f 470/153/699 466/899/700 465/389/701
f 472/900/702 464/468/703 466/901/704
f 477/151/501 466/901/704 464/468/703
f 466/899/700 476/397/504 465/389/701
f 488/149/705 484/902/706 483/400/707
f 490/903/708 482/485/709 484/904/710
f 495/213/505 484/904/710 482/485/709
f 484/902/706 494/407/508 483/400/707
f 506/142/711 502/905/712 501/143/713
f 508/906/714 500/487/715 502/907/716
f 500/487/715 514/747/510 502/907/716
f 514/748/511 501/143/713 502/905/712
f 524/420/717 520/908/718 519/415/719
f 526/909/720 518/491/721 520/910/722
f 518/491/721 532/749/514 520/910/722
f 532/750/515 519/415/719 520/908/718
f 542/426/723 538/751/517 536/427/724
f 544/911/725 537/494/726 538/752/518
f 584/386/727 583/912/728 582/160/729
f 586/913/730 581/914/731 583/915/728
f 611/916/732 607/917/733 606/472/197
f 613/918/734 605/456/735 607/919/733
f 635/920/736 631/921/737 630/922/738
f 637/923/739 629/459/740 631/924/737
f 227/105/741 226/925/742 224/103/630
f 229/926/743 225/196/744 226/850/632
f 653/516/745 664/927/746 655/928/747
f 655/929/747 663/930/186 654/437/180
f 629/459/740 673/811/583 631/924/737
f 631/921/737 671/501/205 630/922/738
f 248/192/637 253/931/748 250/932/749
f 253/933/750 249/137/751 250/854/639
f 605/456/735 697/817/590 607/919/733
f 607/917/733 695/815/588 606/472/197
f 648/934/752 643/563/250 641/125/753
f 649/935/754 642/453/189 643/936/250
f 705/176/755 703/937/430 701/480/429
f 706/938/756 702/939/757 703/688/430
f 272/239/644 277/940/758 274/941/759
f 277/942/760 273/304/761 274/859/646
f 581/914/731 715/943/762 583/915/728
f 583/915/728 713/944/763 582/945/729
f 299/326/764 298/946/765 296/324/650
f 298/864/652 300/343/766 297/333/66
f 750/519/215 754/868/656 751/947/767
f 751/948/767 752/394/657 749/393/657
f 749/393/657 757/949/768 751/948/767
f 751/947/767 756/517/213 750/519/215
f 813/509/210 799/950/769 797/951/770
f 814/606/307 798/952/771 799/953/769
f 323/336/772 322/954/773 320/337/663
f 325/955/774 321/956/775 322/954/665
f 347/338/776 346/957/777 344/339/667
f 349/958/778 345/246/779 346/879/669
f 852/959/780 370/960/781 850/880/671
f 370/961/782 372/240/783 369/308/673
f 853/962/784 394/963/785 851/883/674
f 394/885/675 396/325/786 393/323/787
f 413/130/340 418/891/684 415/964/788
f 415/965/789 416/434/681 414/628/341
f 431/210/790 436/894/690 433/632/348
f 433/633/349 434/177/687 432/377/791
f 449/221/356 454/897/696 451/966/792
f 451/638/357 452/383/693 450/378/793
f 467/268/794 472/900/702 469/642/364
f 469/643/365 470/153/699 468/473/795
f 485/208/796 490/903/708 487/648/372
f 487/649/373 488/149/705 486/148/797
f 503/118/380 508/906/714 505/967/798
f 505/968/799 506/142/711 504/490/381
f 521/136/800 526/909/720 523/656/388
f 523/657/389 524/420/717 522/419/801
f 539/232/802 544/911/725 541/661/396
f 541/662/397 542/426/723 540/497/803
f 560/443/185 571/847/626 562/861/649
f 562/860/649 569/513/627 561/512/648
f 591/385/804 586/969/730 584/386/727
f 592/970/805 585/429/177 586/913/730
f 615/379/806 610/856/641 609/173/643
f 616/971/807 608/857/642 610/856/641
f 633/187/636 640/972/808 634/853/635
f 634/853/635 639/526/220 632/852/634
f 230/108/809 229/973/810 227/106/741
f 232/974/811 228/197/812 229/926/743
f 255/222/813 253/975/748 251/230/814
f 256/976/815 252/233/816 253/933/750
f 687/181/817 694/977/818 688/683/423
f 688/978/423 693/170/84 686/684/424
f 278/309/819 277/979/758 275/980/820
f 277/942/760 279/340/821 276/341/66
f 717/483/295 712/981/540 710/484/537
f 718/593/294 711/545/236 712/768/540
f 303/296/822 301/982/823 299/327/764
f 304/983/333 300/343/766 301/984/824
f 735/157/825 745/985/826 736/986/827
f 736/987/827 744/988/828 734/454/190
f 746/475/829 592/989/805 591/385/804
f 748/990/440 590/991/830 592/970/805
f 759/992/831 775/993/832 760/994/833
f 760/995/833 774/510/211 758/558/244
f 815/506/834 808/872/659 806/996/835
f 817/997/836 807/875/661 808/998/659
f 638/371/837 691/579/273 640/972/808
f 640/972/808 689/999/838 639/526/220
f 776/535/229 781/1000/839 778/824/599
f 778/1001/599 780/399/600 777/398/600
f 714/548/239 721/718/462 715/943/762
f 715/943/762 720/388/459 713/944/763
f 326/345/840 325/955/841 323/336/772
f 325/1002/774 327/265/842 324/1003/843
f 351/349/844 349/1004/845 347/338/776
f 352/1005/846 348/1006/847 349/1007/778
f 852/959/780 376/1008/848 373/1009/849
f 376/1010/850 372/310/783 373/1011/851
f 843/1012/297 397/1013/852 853/962/784
f 400/623/332 396/1014/786 397/1015/853
f 800/544/235 805/1016/607 802/874/660
f 802/873/660 803/1017/854 801/871/658
f 708/165/855 616/971/807 615/379/806
f 709/586/285 614/1018/856 616/971/807
f 566/391/857 565/1019/858 564/154/859
f 568/1020/860 563/1021/861 565/1022/858
f 663/444/186 661/889/678 659/888/680
f 664/927/746 660/553/679 661/886/678
f 234/109/266 232/1023/862 230/108/809
f 232/974/811 233/152/268 231/201/863
f 635/920/736 694/1024/818 637/1025/739
f 637/923/739 692/442/864 636/441/865
f 704/471/196 613/1026/734 611/916/732
f 706/1027/756 612/175/866 613/918/734
f 282/313/289 280/1028/867 278/309/819
f 283/589/292 279/340/821 280/1029/868
f 729/478/201 565/1022/858 563/1021/861
f 730/867/654 564/154/859 565/1019/858
f 731/158/567 736/986/827 733/1030/570
f 733/799/570 734/454/190 732/439/182
f 744/988/828 589/849/628 587/1031/869
f 745/985/826 588/163/629 589/1032/628
f 755/1033/870 760/994/833 757/949/768
f 757/1034/768 758/558/244 756/517/213
f 653/516/745 649/1035/754 648/934/752
f 655/929/747 647/1036/871 649/935/754
f 779/537/231 787/829/605 781/1000/839
f 781/1037/839 785/827/602 780/399/600
f 797/951/770 796/1038/304 795/559/245
f 799/953/769 794/1039/872 796/600/304
f 828/1040/873 838/1041/455 829/876/662
f 829/1042/662 837/1043/874 827/550/241
f 326/345/840 331/610/316 328/1044/875
f 331/612/319 327/265/842 328/1045/876
f 854/1046/877 379/619/328 376/1008/848
f 379/622/331 375/311/878 376/1010/850
f 791/499/305 790/601/303 788/500/305
f 793/834/608 789/518/214 790/599/303
f 576/390/604 568/1047/860 566/391/857
f 577/831/603 567/476/199 568/1020/860
f 816/560/246 811/713/452 810/536/230
f 817/1048/836 809/505/453 811/711/452
f 210/224/110 118/282/147 212/227/113
f 356/1049/66 839/616/66 353/1050/66
f 380/1051/66 841/620/66 377/1052/66
f 399/1053/67 839/616/66 843/1012/66
f 356/1049/66 844/785/68 840/614/68
f 380/1051/66 845/727/68 842/618/68
f 359/1054/66 846/784/66 844/785/68
f 383/1055/66 847/843/66 845/727/68
f 365/1056/66 846/784/66 362/1057/66
f 389/1058/68 847/843/66 386/1059/66
f 365/1056/66 850/880/66 848/881/66
f 392/1060/68 849/884/66 389/1058/68
f 371/1061/66 850/880/66 368/1062/66
f 395/1063/67 851/883/66 392/1060/68
f 371/1061/66 854/1046/66 852/959/66
f 399/1053/67 853/962/66 395/1063/67
f 374/1064/66 841/620/66 854/1046/66
f 860/1065/879 869/1066/66 861/1067/67
f 377/1068/880 858/1069/881 380/1070/881
f 365/1071/882 866/1072/883 368/1073/883
f 399/1074/884 855/1075/885 353/1076/885
f 389/191/93 867/1077/886 392/1078/886
f 356/1079/887 860/1080/888 359/1081/888
f 368/1073/883 868/1082/889 371/1083/889
f 380/1070/881 861/1084/890 383/1085/890
f 392/1078/886 869/1086/891 395/1087/891
f 359/1088/888 862/1089/892 362/1090/892
f 371/1091/889 870/1092/893 374/1093/893
f 383/1094/890 863/1095/92 386/189/92
f 395/1096/891 859/1097/884 399/1074/884
f 362/1090/892 864/1098/882 365/1071/882
f 353/1076/885 856/1099/887 356/1079/887
f 374/1093/893 857/1100/880 377/1068/880
f 883/1101/894 1087/1102/895 1091/1103/896
f 1084/1104/897 1076/1105/898 1099/1106/47
f 879/1107/899 1096/1108/900 1088/1109/901
f 1086/1110/902 1079/1111/903 1100/1112/39
f 1098/1113/904 875/1114/905 1085/1115/906
f 1068/1116/35 891/1117/907 1070/1118/35
f 888/1119/908 1067/1120/35 1069/1121/35
f 880/1122/909 1088/1109/901 1087/1102/895
f 889/1123/910 1089/1124/911 1097/1125/912
f 914/1126/913 936/1127/914 918/1128/915
f 1078/1129/916 877/1130/917 1076/1131/898
f 881/1132/918 1068/1116/35 1067/1120/35
f 1082/1133/919 871/1134/920 1079/1135/903
f 879/1136/899 1072/1137/43 1071/1138/43
f 1094/1139/921 872/1140/922 1086/1141/902
f 877/1142/917 1097/1125/912 1083/1143/923
f 1072/1137/43 883/1144/894 1073/1145/43
f 884/1146/924 1075/1147/925 1077/1148/926
f 896/1149/927 1071/1138/43 1074/1150/43
f 901/1151/928 1098/1113/904 1090/1152/929
f 892/1153/930 1080/1154/931 1081/1155/932
f 886/1156/933 1073/1145/43 883/1144/894
f 886/1156/933 1077/1148/926 1102/1157/43
f 890/1158/934 1078/1129/916 887/1159/935
f 890/1158/934 1069/1121/35 1103/1160/35
f 894/1161/936 1070/1118/35 891/1117/907
f 894/1161/936 1081/1155/932 1104/1162/35
f 898/1163/937 1082/1133/919 895/1164/938
f 898/1163/937 1074/1150/43 1101/1165/43
f 888/1166/908 1092/1167/939 1091/1103/896
f 890/1168/934 1093/1169/940 1092/1167/939
f 892/1170/930 1095/1171/941 1094/1139/921
f 1095/1171/941 891/1172/907 1096/1108/900
f 874/1173/942 1093/1169/940 1084/1174/897
f 919/1175/943 924/1176/944 903/1177/945
f 936/1178/914 932/1179/946 928/1180/947
f 909/1181/948 915/1182/65 1090/1152/929
f 909/1183/948 932/1184/946 913/1185/949
f 914/1186/913 920/1187/72 901/1151/928
f 919/1188/943 905/1189/72 1089/1124/911
f 904/1190/950 910/1191/65 899/1192/951
f 903/1193/945 906/1194/952 905/1189/72
f 906/1194/952 907/1195/953 905/1189/72
f 907/1195/953 904/1190/950 905/1189/72
f 908/1196/954 911/1197/955 910/1191/65
f 911/1197/955 912/1198/956 910/1191/65
f 912/1198/956 909/1181/948 910/1191/65
f 913/1199/949 916/1200/957 915/1182/65
f 916/1200/957 917/1201/958 915/1182/65
f 917/1201/958 914/1186/913 915/1182/65
f 918/1202/915 921/1203/959 920/1187/72
f 921/1203/959 922/1204/960 920/1187/72
f 922/1204/960 919/1188/943 920/1187/72
f 928/1205/947 911/1206/955 908/1207/954
f 930/1208/961 912/1209/956 911/1206/955
f 929/1210/962 909/1183/948 912/1211/956
f 914/1126/913 933/1212/963 931/1213/964
f 917/1214/958 934/1215/965 933/1216/963
f 916/1217/957 932/1184/946 934/1215/965
f 919/1175/943 937/1218/966 935/1219/967
f 922/1220/960 938/1221/968 937/1218/966
f 921/1222/959 936/1127/914 938/1223/968
f 904/1224/950 925/1225/969 923/1226/970
f 907/1227/953 926/1228/971 925/1225/969
f 906/1229/952 924/1176/944 926/1230/971
f 904/1224/950 928/1205/947 908/1207/954
f 983/1231/972 999/1232/973 982/1233/974
f 984/1234/975 1000/1235/976 983/1231/972
f 984/1234/975 1002/1236/977 1001/1237/978
f 974/1238/979 990/1239/980 991/1240/981
f 986/1241/982 1002/1236/977 985/1242/983
f 975/1243/984 990/1239/980 973/1244/985
f 986/1245/982 1004/1246/986 1003/1247/987
f 976/1248/988 992/1249/989 975/1243/984
f 988/1250/990 1004/1246/986 987/1251/991
f 976/1248/988 994/1252/992 993/1253/993
f 989/1254/994 1005/1255/995 988/1250/990
f 977/1256/996 995/1257/997 994/1258/992
f 989/1254/994 991/1240/981 1006/1259/998
f 979/1260/999 995/1257/997 978/1261/1000
f 980/1262/1001 996/1263/1002 979/1260/999
f 981/1264/1003 997/1265/1004 980/1262/1001
f 940/1266/1005 974/1267/979 939/1268/1006
f 941/1269/1007 973/1270/985 940/1266/1005
f 942/1271/1008 975/1272/984 941/1269/1007
f 943/1273/1009 976/1274/988 942/1271/1008
f 943/1273/1009 978/1275/1000 977/1276/996
f 945/1277/1010 978/1275/1000 944/1278/1011
f 946/1279/1012 979/1280/999 945/1277/1010
f 947/1281/1013 980/1282/1001 946/1279/1012
f 948/1283/1014 983/1284/972 982/1285/974
f 950/1286/1015 983/1284/972 949/1287/1016
f 950/1286/1015 985/1288/983 984/1289/975
f 952/1290/1017 985/1288/983 951/1291/1018
f 952/1290/1017 987/1292/991 986/1293/982
f 953/1294/1019 988/1295/990 987/1292/991
f 954/1296/1020 989/1297/994 988/1295/990
f 955/1298/1021 974/1267/979 989/1297/994
f 956/1299/1022 991/1300/981 990/1301/980
f 958/1302/1023 990/1301/980 992/1303/989
f 959/1304/1024 992/1303/989 993/1305/993
f 960/1306/1025 993/1305/993 994/1307/992
f 960/1306/1025 995/1308/997 961/1309/1026
f 962/1310/1027 995/1308/997 996/1311/1002
f 963/1312/1028 996/1311/1002 997/1313/1004
f 964/1314/1029 997/1313/1004 998/1315/1030
f 965/1316/1031 1000/1317/976 966/1318/1032
f 967/1319/1033 1000/1317/976 1001/1320/978
f 967/1319/1033 1002/1321/977 968/1322/1034
f 969/1323/1035 1002/1321/977 1003/1324/987
f 969/1323/1035 1004/1325/986 970/1326/1036
f 970/1326/1036 1005/1327/995 971/1328/1037
f 971/1328/1037 1006/1329/998 972/1330/1038
f 972/1330/1038 991/1300/981 957/1331/1039
f 963/1332/1028 947/1333/1013 946/1334/1012
f 945/1335/1010 963/1332/1028 946/1334/1012
f 961/1336/1026 945/1335/1010 944/1337/1011
f 960/1338/1025 944/1337/1011 943/1339/1009
f 959/1340/1024 943/1339/1009 942/1341/1008
f 941/1342/1007 959/1343/1024 942/1344/1008
f 956/1345/1022 941/1342/1007 940/1346/1005
f 957/1347/1039 940/1346/1005 939/1348/1006
f 972/1349/1038 939/1348/1006 955/1350/1021
f 971/1351/1037 955/1350/1021 954/1352/1020
f 970/1353/1036 954/1352/1020 953/1354/1019
f 969/1355/1035 953/1354/1019 952/1356/1017
f 968/1357/1034 952/1356/1017 951/1358/1018
f 967/1359/1033 951/1360/1018 950/1361/1015
f 966/1362/1032 950/1361/1015 949/1363/1016
f 965/1364/1031 949/1363/1016 948/1365/1014
f 999/1232/973 1045/1366/1040 982/1233/974
f 1060/1367/1041 1046/1368/1042 1045/1366/1040
f 1061/1369/1043 1047/1370/1044 1046/1368/1042
f 1053/1371/1045 1037/1372/1046 1038/1373/1047
f 1062/1374/1048 1048/1375/1049 1047/1370/1044
f 1052/1376/1050 1039/1377/1051 1037/1372/1046
f 1063/1378/1052 1049/1379/1053 1048/1375/1049
f 1054/1380/1054 1040/1381/1055 1039/1377/1051
f 1064/1382/1056 1050/1383/1057 1049/1384/1053
f 1040/1381/1055 1056/1385/1058 1041/1386/1059
f 1065/1387/1060 1051/1388/1061 1050/1383/1057
f 1056/1385/1058 1042/1389/1062 1041/1386/1059
f 1066/1390/1063 1038/1373/1047 1051/1388/1061
f 1057/1391/1064 1043/1392/1065 1042/1393/1062
f 1058/1394/1066 1044/1395/1067 1043/1392/1065
f 1059/1396/1068 981/1264/1003 1044/1395/1067
f 1038/1397/1047 1008/1398/1069 1007/1399/1070
f 1037/1400/1046 1009/1401/1071 1008/1398/1069
f 1039/1402/1051 1010/1403/1072 1009/1401/1071
f 1040/1404/1055 1011/1405/1073 1010/1403/1072
f 1041/1406/1059 1012/1407/1074 1011/1405/1073
f 1042/1408/1062 1013/1409/1075 1012/1407/1074
f 1013/1409/1075 1044/1410/1067 1014/1411/1076
f 1044/1410/1067 947/1281/1013 1014/1411/1076
f 948/1283/1014 1045/1412/1040 1015/1413/1077
f 1045/1412/1040 1016/1414/1078 1015/1413/1077
f 1016/1414/1078 1047/1415/1044 1017/1416/1079
f 1047/1415/1044 1018/1417/1080 1017/1416/1079
f 1018/1417/1080 1049/1418/1053 1019/1419/1081
f 1019/1419/1081 1050/1420/1057 1020/1421/1082
f 1020/1421/1082 1051/1422/1061 1021/1423/1083
f 1021/1423/1083 1038/1397/1047 1007/1399/1070
f 1022/1424/1084 1053/1425/1045 1023/1426/1085
f 1024/1427/1086 1052/1428/1050 1022/1424/1084
f 1025/1429/1087 1054/1430/1054 1024/1427/1086
f 1026/1431/1088 1055/1432/1089 1025/1429/1087
f 1027/1433/1090 1056/1434/1058 1026/1431/1088
f 1028/1435/1091 1057/1436/1064 1027/1433/1090
f 1059/1437/1068 1028/1435/1091 1029/1438/1092
f 964/1314/1029 1059/1437/1068 1029/1438/1092
f 1060/1439/1041 965/1316/1031 1030/1440/1093
f 1031/1441/1094 1060/1439/1041 1030/1440/1093
f 1062/1442/1048 1031/1441/1094 1032/1443/1095
f 1033/1444/1096 1062/1442/1048 1032/1443/1095
f 1064/1445/1056 1033/1444/1096 1034/1446/1097
f 1065/1447/1060 1034/1446/1097 1035/1448/1098
f 1066/1449/1063 1035/1448/1098 1036/1450/1099
f 1053/1425/1045 1036/1450/1099 1023/1426/1085
f 1014/1451/1076 964/1452/1029 1029/1453/1092
f 1014/1451/1076 1028/1454/1091 1013/1455/1075
f 1013/1455/1075 1027/1456/1090 1012/1457/1074
f 1012/1457/1074 1026/1458/1088 1011/1459/1073
f 1011/1460/1073 1025/1461/1087 1010/1462/1072
f 1009/1463/1071 1025/1461/1087 1024/1464/1086
f 1009/1463/1071 1022/1465/1084 1008/1466/1069
f 1008/1466/1069 1023/1467/1085 1007/1468/1070
f 1007/1468/1070 1036/1469/1099 1021/1470/1083
f 1021/1470/1083 1035/1471/1098 1020/1472/1082
f 1020/1472/1082 1034/1473/1097 1019/1474/1081
f 1019/1474/1081 1033/1475/1096 1018/1476/1080
f 1018/1477/1080 1032/1478/1095 1017/1479/1079
f 1017/1479/1079 1031/1480/1094 1016/1481/1078
f 1016/1481/1078 1030/1482/1093 1015/1483/1077
f 1015/1483/1077 965/1364/1031 948/1365/1014
f 1067/1120/35 901/1484/928 902/1485/1100
f 1069/1121/35 902/1485/1100 889/1486/910
f 901/1484/928 1070/1118/35 893/1487/1101
f 1074/1150/43 900/1488/1102 897/1489/1103
f 899/1490/951 1073/1145/43 885/1491/1104
f 1071/1138/43 899/1490/951 900/1488/1102
f 1077/1148/926 873/1492/1105 885/1491/1104
f 887/1159/935 1076/1131/898 878/1493/1106
f 1099/1106/47 877/1494/917 1083/1495/923
f 1081/1155/932 875/1496/905 893/1487/1101
f 895/1164/938 1079/1135/903 872/1497/922
f 1100/1112/39 871/1498/920 1085/1499/906
f 1080/1500/931 1085/1499/906 875/1501/905
f 1075/1502/925 1083/1495/923 873/1503/1105
f 878/1504/1106 1093/1169/940 887/1505/935
f 1095/1171/941 896/1506/927 898/1507/937
f 1094/1139/921 898/1507/937 895/1508/938
f 1092/1167/939 884/1509/924 886/1510/933
f 1091/1103/896 886/1510/933 883/1101/894
f 1090/1152/929 897/1511/1103 900/1512/1102
f 873/1513/1105 1097/1125/912 885/1514/1104
f 1094/1139/921 876/1515/1107 892/1170/930
f 1097/1125/912 899/1192/951 885/1514/1104
f 1087/1102/895 882/1516/1108 881/1517/918
f 1098/1113/904 871/1518/920 897/1511/1103
f 876/1519/1107 1100/1112/39 1080/1500/931
f 1088/1109/901 891/1172/907 882/1516/1108
f 874/1520/942 1099/1106/47 1075/1502/925
f 1091/1103/896 881/1517/918 888/1166/908
f 1082/1133/919 1101/1165/43 897/1489/1103
f 1101/1165/43 1074/1150/43 897/1489/1103
f 1102/1157/43 1077/1148/926 885/1491/1104
f 1073/1145/43 1102/1157/43 885/1491/1104
f 1078/1129/916 1103/1160/35 889/1486/910
f 1103/1160/35 1069/1121/35 889/1486/910
f 1070/1118/35 1104/1162/35 893/1487/1101
f 1104/1162/35 1081/1155/932 893/1487/1101
f 94/1/1 50/95/2 1/2/2
f 91/7/5 95/94/6 46/8/6
f 88/10/7 92/90/8 43/11/8
f 85/13/9 89/87/10 40/14/10
f 82/16/11 86/84/12 37/17/12
f 79/19/13 83/81/14 34/20/14
f 76/22/15 80/77/16 31/23/16
f 73/25/17 77/74/18 28/26/18
f 26/27/17 27/70/39 75/69/39
f 29/24/15 30/73/40 78/72/40
f 30/73/40 28/26/18 77/74/18
f 32/21/13 33/1523/41 81/75/41
f 33/76/41 31/23/16 80/77/16
f 35/18/11 36/80/42 84/79/42
f 36/80/42 34/20/14 83/81/14
f 38/15/9 39/83/43 87/82/43
f 39/83/43 37/17/12 86/84/12
f 41/12/7 42/86/44 90/85/44
f 42/86/44 40/14/10 89/87/10
f 44/9/5 45/1524/45 93/88/45
f 45/89/45 43/11/8 92/90/8
f 47/3/1 48/93/46 96/92/46
f 48/93/46 46/8/6 95/94/6
f 50/95/2 51/97/47 3/96/47
f 221/101/49 142/215/104 140/102/50
f 224/103/51 140/102/50 100/104/52
f 227/106/53 100/291/52 106/107/54
f 234/109/56 230/108/55 106/107/54
f 107/111/58 327/265/136 329/112/59
f 234/109/56 115/110/57 121/114/61
f 236/115/62 121/114/61 127/116/63
f 491/403/65 203/119/66 240/119/66
f 503/118/65 491/403/65 240/119/66
f 240/119/66 243/120/66 204/120/67
f 549/126/70 149/524/3 150/124/31
f 150/124/31 648/934/1109 641/125/69
f 651/129/71 416/434/31 411/127/3
f 411/127/3 552/367/162 644/128/69
f 401/332/65 193/123/68 209/123/66
f 413/130/65 401/332/65 209/123/66
f 209/123/66 213/131/66 194/131/67
f 188/132/5 189/1525/45 533/133/45
f 182/138/9 183/413/43 515/139/43
f 179/141/11 180/489/42 506/142/42
f 176/144/13 177/1526/41 497/145/41
f 174/147/40 172/396/18 486/148/18
f 740/692/74 738/474/198 470/153/38
f 470/153/38 465/389/19 564/154/73
f 728/155/74 740/692/74 470/153/38
f 726/798/74 561/512/212 167/156/19
f 167/156/19 168/162/38 735/157/75
f 731/158/74 726/798/74 167/156/19
f 713/161/77 720/1527/171 461/159/37
f 461/159/37 456/384/21 582/160/76
f 743/164/79 735/157/75 168/162/38
f 168/162/38 166/466/22 588/163/78
f 708/165/80 452/383/36 447/166/23
f 693/170/84 635/920/736 630/922/738
f 630/922/738 671/501/205 723/168/82
f 723/168/82 599/821/595 593/169/83
f 593/169/83 702/939/757 693/170/84
f 693/170/84 630/922/738 723/168/82
f 698/171/35 443/634/35 438/172/25
f 162/174/36 160/455/26 612/175/26
f 434/177/34 429/375/27 620/178/86
f 155/180/27 156/440/34 687/181/34
f 672/185/89 629/459/191 152/183/29
f 152/183/29 153/1528/33 675/184/88
f 425/186/33 420/370/29 633/187/90
f 386/189/92 863/1095/92 865/190/93
f 248/192/94 97/235/116 103/193/95
f 446/457/65 198/196/66 225/196/66
f 459/195/65 446/457/65 225/196/66
f 225/196/66 228/197/66 199/197/66
f 258/198/47 354/297/47 357/199/31
f 464/468/65 200/201/67 231/201/66
f 477/151/72 464/468/65 231/201/66
f 231/201/66 233/152/66 201/152/66
f 119/202/97 309/329/157 312/203/98
f 122/205/100 333/263/135 336/206/101
f 473/481/65 201/152/66 233/152/66
f 485/208/65 473/481/65 233/152/66
f 233/152/66 237/209/66 202/209/66
f 419/368/160 195/211/67 216/211/66
f 431/210/72 419/368/160 216/211/66
f 216/211/66 219/212/66 196/212/66
f 482/485/65 202/209/66 237/209/66
f 495/213/65 482/485/65 237/209/66
f 237/209/66 240/119/66 203/119/66
f 218/214/103 130/226/112 142/215/104
f 242/216/105 136/238/117 134/217/106
f 428/446/65 196/212/66 219/212/66
f 441/219/65 428/446/65 219/212/66
f 219/212/66 222/220/66 197/220/66
f 437/451/188 197/220/66 222/220/66
f 449/221/72 437/451/188 222/220/66
f 222/220/66 225/196/66 198/196/66
f 255/222/108 112/231/115 110/223/109
f 215/225/111 124/277/114 130/226/112
f 212/227/113 118/282/147 124/228/114
f 251/230/96 103/289/95 112/231/115
f 527/492/65 207/233/66 252/233/66
f 539/232/65 527/492/65 252/233/66
f 252/233/66 254/234/66 208/234/66
f 245/218/107 134/217/106 97/235/116
f 509/410/160 205/236/67 246/236/66
f 521/136/65 509/410/160 246/236/66
f 246/236/66 249/137/66 206/137/66
f 242/216/105 239/762/64 127/237/63
f 272/239/36 369/308/36 372/240/37
f 139/242/118 321/250/125 324/243/119
f 133/245/121 342/252/127 345/246/122
f 500/487/160 204/120/67 243/120/66
f 513/248/65 500/487/160 243/120/66
f 243/120/66 246/236/66 205/236/67
f 143/249/124 318/254/129 321/250/125
f 133/245/121 137/256/130 339/251/126
f 143/249/124 131/257/131 315/253/128
f 128/255/102 336/783/101 339/251/126
f 131/257/131 125/276/99 312/258/98
f 113/259/132 350/295/156 305/260/133
f 410/363/160 194/131/67 213/131/66
f 423/262/65 410/363/160 213/131/66
f 213/131/66 216/211/66 195/211/67
f 537/494/72 208/234/66 254/234/66
f 405/122/65 537/494/72 254/234/66
f 254/234/66 209/123/66 193/123/68
f 116/113/60 329/112/59 333/263/135
f 101/264/120 324/1003/119 327/265/136
f 98/247/123 345/246/122 348/266/137
f 455/463/65 199/197/66 228/197/66
f 467/268/65 455/463/65 228/197/66
f 228/197/66 231/201/66 200/201/67
f 518/491/65 206/137/66 249/137/66
f 531/269/65 518/491/65 249/137/66
f 249/137/66 252/233/66 207/233/66
f 139/242/118 141/294/155 144/270/139
f 144/270/139 141/294/155 140/102/50
f 133/245/121 135/272/141 138/271/140
f 135/272/141 134/217/106 136/238/117
f 143/249/124 144/270/139 132/273/142
f 144/270/139 142/215/104 130/226/112
f 137/256/130 138/271/140 129/274/143
f 138/271/140 136/238/117 127/237/63
f 131/257/131 132/273/142 126/275/144
f 132/273/142 130/226/112 124/277/114
f 128/207/102 129/279/143 123/278/145
f 129/279/143 127/116/63 121/114/61
f 125/204/99 126/281/144 120/280/146
f 126/281/144 124/228/114 118/282/147
f 116/113/60 122/205/100 123/278/145
f 123/278/145 121/114/61 115/110/57
f 109/261/134 111/285/150 114/284/149
f 111/285/150 110/223/109 112/231/115
f 119/202/97 120/280/146 111/285/150
f 120/280/146 118/282/147 110/223/109
f 116/113/60 117/283/148 108/286/151
f 108/286/151 117/283/148 115/110/57
f 113/259/132 114/284/149 105/287/152
f 114/284/149 112/231/115 103/289/95
f 107/111/58 108/286/151 102/290/153
f 108/286/151 106/107/54 100/291/52
f 104/267/138 105/293/152 99/292/154
f 105/293/152 103/193/95 97/235/116
f 101/244/120 102/1529/153 141/294/155
f 141/294/155 102/1529/153 100/104/52
f 98/247/123 99/292/154 135/272/141
f 99/292/154 97/235/116 134/217/106
f 104/288/138 348/1006/137 350/295/156
f 303/296/46 398/328/46 354/297/47
f 267/298/68 314/358/66 311/299/68
f 263/301/33 360/787/33 363/302/34
f 273/304/66 320/337/66 317/305/68
f 269/307/35 366/355/35 369/308/36
f 278/309/38 275/980/37 372/310/37
f 278/309/38 375/311/38 378/312/39
f 282/313/39 378/312/39 381/314/40
f 284/315/40 381/314/40 384/316/41
f 287/318/41 384/795/41 387/319/42
f 290/320/42 387/319/42 390/321/43
f 293/322/43 390/321/43 393/323/44
f 296/324/44 393/323/44 396/325/45
f 299/327/45 396/1014/45 398/328/46
f 109/261/134 305/260/133 309/329/157
f 260/200/31 357/199/31 360/330/33
f 297/333/66 344/339/66 341/334/66
f 273/304/66 276/341/66 323/336/66
f 297/333/66 300/343/66 347/338/66
f 279/340/66 326/345/68 323/336/66
f 302/342/68 351/349/66 347/338/66
f 279/340/66 281/351/66 330/344/66
f 261/346/66 308/352/66 306/347/66
f 302/342/68 257/348/66 306/347/66
f 285/350/68 332/354/66 330/344/66
f 264/300/68 311/299/68 308/352/66
f 285/350/68 288/357/68 335/353/66
f 266/303/34 363/302/34 366/355/35
f 291/356/68 338/359/66 335/353/66
f 267/298/68 270/306/66 317/305/68
f 291/356/68 294/335/66 341/334/66
f 836/362/159 828/1040/1110 402/360/48
f 402/360/48 414/628/32 666/361/158
f 552/367/162 411/127/3 422/365/4
f 422/365/4 558/374/165 545/366/161
f 420/370/29 432/377/30 638/371/163
f 558/374/165 422/365/4 425/372/33
f 425/372/33 678/1530/91 684/373/164
f 429/375/27 440/380/28 626/376/166
f 432/377/30 434/177/34 690/179/87
f 609/173/85 438/172/25 450/378/26
f 440/380/28 443/634/35 698/171/35
f 596/167/81 447/166/23 458/381/24
f 615/379/167 450/378/26 452/383/36
f 584/386/170 582/160/76 456/384/21
f 456/384/21 468/473/22 591/385/169
f 603/382/168 458/381/24 461/387/37
f 566/391/173 564/154/73 465/389/19
f 465/389/19 476/397/20 576/390/172
f 764/698/174 762/700/1111 479/644/39
f 479/644/39 474/395/17 170/392/17
f 170/392/17 171/538/39 759/992/1112
f 170/392/17 759/992/1112 755/1033/174
f 752/394/174 764/698/174 479/644/39
f 170/392/17 755/1033/174 749/393/174
f 752/394/174 479/644/39 170/392/17
f 474/395/17 486/148/18 172/396/18
f 785/827/175 576/390/172 476/397/20
f 476/397/20 479/644/39 762/700/1111
f 476/397/20 762/700/1111 768/826/175
f 780/399/175 785/827/175 476/397/20
f 476/397/20 768/826/175 777/398/175
f 483/400/15 494/407/16 175/401/16
f 492/146/13 504/490/14 178/405/14
f 177/406/41 175/401/16 494/407/16
f 501/143/11 512/414/12 181/409/12
f 510/140/9 522/419/10 184/412/10
f 183/413/43 181/409/12 512/414/12
f 519/415/7 530/423/8 187/416/8
f 186/418/44 184/412/10 522/419/10
f 528/134/5 540/497/6 190/421/6
f 189/422/45 187/416/8 530/423/8
f 191/425/1 192/496/46 542/426/46
f 747/430/178 645/570/259 551/428/176
f 551/428/176 546/663/398 585/429/177
f 585/429/177 590/991/830 747/430/178
f 675/433/88 153/1531/33 151/431/4
f 151/431/4 555/525/219 681/432/164
f 666/361/158 414/628/32 416/434/31
f 416/434/31 651/129/71 656/435/179
f 668/436/179 666/361/158 416/434/31
f 654/437/180 663/930/186 725/438/181
f 692/442/184 687/181/34 156/440/34
f 156/440/34 154/1532/30 636/441/183
f 834/445/187 570/846/625 560/443/185
f 560/443/185 725/862/181 663/444/186
f 663/444/186 659/888/680 834/445/187
f 159/448/35 157/465/28 624/449/28
f 734/454/190 744/988/828 642/453/189
f 642/453/189 647/1036/871 654/437/180
f 654/437/180 732/439/182 734/454/190
f 160/455/26 158/507/25 605/456/25
f 636/441/183 154/1532/30 152/183/29
f 163/460/24 161/479/23 594/461/192
f 157/465/28 155/180/27 617/182/27
f 166/466/22 164/482/21 579/467/194
f 695/815/588 623/816/589 618/470/195
f 618/470/195 686/684/424 693/170/84
f 693/170/84 702/939/757 704/471/196
f 704/471/196 611/916/732 606/472/197
f 606/472/197 695/815/588 618/470/195
f 618/470/195 693/170/84 704/471/196
f 746/475/79 591/385/169 468/473/22
f 468/473/22 470/153/38 738/474/198
f 729/478/201 563/1021/861 567/476/199
f 567/476/199 837/1043/874 665/477/200
f 665/477/200 669/532/226 729/478/201
f 701/480/202 594/461/192 161/479/23
f 161/479/23 162/174/36 705/176/36
f 173/402/15 174/147/40 488/149/40
f 710/484/77 579/467/194 164/482/21
f 164/482/21 165/1533/37 717/483/203
f 180/489/42 178/405/14 504/490/14
f 185/417/7 186/418/44 524/420/44
f 192/496/46 190/421/6 540/497/6
f 536/427/1 404/732/2 145/498/2
f 798/952/1113 147/555/47 145/498/2
f 145/498/2 404/732/2 407/504/47
f 407/504/47 801/871/1114 803/1017/204
f 407/504/47 803/1017/204 791/499/204
f 794/1039/204 798/952/1113 145/498/2
f 788/500/204 794/1039/204 145/498/2
f 145/498/2 407/504/47 791/499/204
f 716/503/207 723/168/82 671/501/205
f 671/501/205 674/804/573 680/502/206
f 680/502/206 711/545/236 716/503/207
f 806/996/208 801/871/1114 407/504/47
f 407/504/47 402/360/48 828/1040/1110
f 407/504/47 828/1040/1110 824/710/208
f 815/506/208 806/996/208 407/504/47
f 407/504/47 824/710/208 809/505/208
f 158/507/25 159/448/35 696/450/35
f 771/508/209 821/562/248 813/509/210
f 569/513/173 573/598/1115 169/511/20
f 169/511/20 167/156/19 561/512/212
f 648/934/1109 150/124/31 148/514/32
f 148/514/32 660/553/242 662/515/179
f 653/516/179 648/934/1109 148/514/32
f 756/517/213 795/559/245 789/518/214
f 722/521/216 717/591/203 165/520/37
f 165/520/37 163/460/24 600/462/193
f 834/445/187 830/706/448 818/522/217
f 818/522/217 782/561/247 572/523/218
f 572/523/218 570/846/625 834/445/187
f 149/524/3 549/126/70 555/525/219
f 602/719/463 719/1534/1116 714/548/239
f 714/548/239 683/735/488 677/737/490
f 677/737/490 632/852/634 639/526/220
f 639/526/220 689/999/838 621/578/272
f 621/578/272 627/755/521 699/527/221
f 699/527/221 608/857/642 614/1018/856
f 614/1018/856 707/584/283 597/528/222
f 597/528/222 602/719/463 714/548/239
f 714/548/239 677/737/490 639/526/220
f 639/526/220 621/578/272 699/527/221
f 699/527/221 614/1018/856 597/528/222
f 597/528/222 714/548/239 639/526/220
f 750/519/215 789/518/214 792/529/223
f 657/531/225 741/534/228 729/478/201
f 741/534/228 657/531/225 650/533/227
f 650/533/227 645/570/259 747/430/178
f 747/430/178 737/695/439 741/534/228
f 776/535/229 816/560/246 810/536/230
f 773/776/175 759/992/1112 171/538/39
f 171/538/39 169/511/20 573/598/1115
f 171/538/39 573/598/1115 783/539/175
f 770/540/175 773/776/175 171/538/39
f 753/530/224 792/529/223 804/541/232
f 800/544/235 807/875/661 767/543/234
f 767/543/234 761/702/445 765/542/233
f 765/542/233 804/541/232 800/544/235
f 642/453/189 744/988/828 587/1031/869
f 587/1031/869 578/769/541 711/545/236
f 711/545/236 680/502/206 554/546/237
f 554/546/237 548/566/252 642/453/189
f 642/453/189 587/1031/869 711/545/236
f 714/548/239 581/914/731 585/429/177
f 585/429/177 546/663/398 557/547/238
f 557/547/238 683/735/488 714/548/239
f 827/550/241 837/1043/874 567/476/199
f 567/476/199 575/830/606 786/549/240
f 786/549/240 825/554/243 827/550/241
f 660/553/242 148/514/32 146/551/48
f 146/551/48 831/708/1117 833/552/159
f 786/549/240 779/537/231 810/536/230
f 831/708/1117 146/551/48 147/555/47
f 147/555/47 798/952/1113 812/605/208
f 147/555/47 812/605/208 822/556/208
f 819/557/208 831/708/1117 147/555/47
f 795/559/245 756/517/213 758/558/244
f 758/558/244 774/510/211 813/509/210
f 813/509/210 797/951/770 795/559/245
f 767/543/234 807/875/661 816/560/246
f 782/561/247 818/522/217 821/562/248
f 549/126/249 641/125/753 643/563/250
f 550/565/251 643/936/250 642/453/189
f 212/227/253 214/675/413 211/567/254
f 214/568/256 213/131/415 209/123/257
f 645/570/259 650/533/227 652/571/260
f 646/573/261 652/760/260 651/129/262
f 236/115/264 238/681/420 235/574/265
f 238/575/267 237/209/422 233/152/268
f 254/234/270 256/976/815 211/569/258
f 256/577/271 255/222/813 210/224/255
f 621/578/272 689/999/838 691/579/273
f 622/580/274 691/579/273 690/179/275
f 260/200/277 262/686/426 259/581/278
f 262/582/280 261/346/428 257/348/281
f 707/584/283 709/586/285 598/585/284
f 709/586/285 708/165/855 596/167/286
f 284/315/287 286/690/432 283/587/288
f 286/588/290 285/350/434 281/351/291
f 722/521/293 724/822/296 718/590/294
f 724/592/296 723/168/82 716/503/207
f 302/342/297 304/983/333 259/583/282
f 304/594/298 303/296/822 258/198/279
f 572/523/218 782/561/247 784/595/299
f 574/597/300 784/1535/299 783/539/301
f 795/559/245 796/1038/304 790/599/303
f 796/600/304 794/1039/872 788/500/305
f 813/509/210 821/562/248 823/602/306
f 823/604/306 822/556/1118 812/605/308
f 308/352/309 310/720/465 307/607/310
f 310/608/312 309/329/467 305/260/313
f 332/354/315 334/721/469 331/610/316
f 334/611/317 333/263/471 329/112/318
f 350/295/320 352/1005/846 307/609/314
f 352/613/321 351/349/844 306/347/311
f 840/614/322 358/724/473 355/615/323
f 355/617/278 358/726/475 357/199/325
f 842/618/327 382/728/477 379/619/328
f 382/621/330 381/314/479 378/312/289
f 354/297/326 398/328/1119 400/623/332
f 400/624/333 843/1012/297 839/616/324
f 407/504/334 409/1536/1120 403/625/335
f 409/626/337 408/121/1121 401/332/338
f 413/130/340 415/964/788 403/627/339
f 403/625/335 415/965/789 414/628/341
f 425/186/342 427/1537/1122 421/629/343
f 427/630/345 426/369/1123 419/368/346
f 419/368/346 431/210/790 433/632/348
f 433/633/349 432/377/791 420/370/344
f 443/634/350 445/1538/1124 439/635/351
f 445/636/353 444/452/1125 437/451/354
f 449/221/356 451/966/792 439/637/355
f 451/638/357 450/378/793 438/172/352
f 461/159/358 463/1539/1126 457/639/359
f 463/640/361 462/464/1127 455/463/362
f 455/463/362 467/268/794 469/642/364
f 469/643/365 468/473/795 456/384/360
f 479/644/366 481/1540/1128 475/645/367
f 481/646/369 480/150/1129 473/481/370
f 473/481/370 485/208/796 487/648/372
f 487/649/373 486/148/797 474/395/368
f 497/145/374 499/1541/1130 493/650/375
f 499/651/377 498/404/1131 491/403/378
f 503/118/380 505/967/798 493/652/379
f 493/650/375 505/968/799 504/490/381
f 515/139/382 517/1542/1132 511/653/383
f 517/654/385 516/411/1133 509/410/386
f 509/410/386 521/136/800 523/656/388
f 523/657/389 522/419/801 510/140/384
f 533/133/390 535/1543/1134 529/658/391
f 535/659/393 534/493/1135 527/492/394
f 527/492/394 539/232/802 541/661/396
f 541/662/397 540/497/803 528/134/392
f 546/663/398 551/428/176 553/664/399
f 547/666/400 553/807/399 552/367/401
f 545/366/402 558/374/562 559/667/403
f 547/665/400 559/790/403 557/547/238
f 593/169/83 599/821/595 601/668/404
f 595/670/405 601/823/404 600/462/406
f 618/470/195 623/816/589 625/671/408
f 619/673/409 625/818/408 624/449/410
f 212/227/253 215/229/522 217/674/412
f 217/676/414 216/211/525 213/131/415
f 666/361/416 668/436/1136 670/677/417
f 667/679/418 670/1544/417 669/532/226
f 236/115/264 239/117/529 241/680/419
f 241/682/421 240/119/531 237/209/422
f 617/182/411 687/181/817 688/683/423
f 619/672/409 688/978/423 686/684/424
f 260/200/277 263/331/575 265/685/425
f 265/687/427 264/300/577 261/346/428
f 701/480/429 703/937/430 595/670/405
f 703/688/430 702/939/757 593/169/83
f 284/315/287 287/317/542 289/689/431
f 289/691/433 288/357/545 285/350/434
f 740/692/435 742/1545/438 739/693/436
f 742/694/438 741/534/228 737/695/439
f 747/430/178 748/990/440 739/696/436
f 748/697/440 746/475/829 738/474/437
f 764/698/441 766/869/444 763/699/442
f 766/701/444 765/542/233 761/702/445
f 767/543/234 769/825/446 763/703/442
f 769/704/446 768/826/601 762/700/443
f 834/445/187 835/887/449 832/705/447
f 835/707/449 833/552/677 831/708/450
f 824/710/451 826/877/454 811/711/452
f 826/712/454 825/554/243 810/536/230
f 665/477/200 837/1043/874 838/714/455
f 667/678/418 838/1041/455 836/362/456
f 819/557/457 822/556/1118 823/604/306
f 820/716/458 823/602/306 821/562/248
f 720/388/459 721/718/462 604/717/460
f 721/718/462 719/1534/1116 602/719/463
f 311/299/464 313/778/550 310/720/465
f 310/608/312 313/1546/552 312/203/466
f 335/353/468 337/781/554 334/721/469
f 337/722/470 336/206/556 333/263/471
f 840/614/322 844/785/558 361/723/472
f 361/725/474 360/330/560 357/199/325
f 845/727/476 385/793/564 382/728/477
f 385/729/478 384/316/566 381/314/479
f 405/122/480 408/121/1121 409/626/337
f 406/731/482 409/1536/1120 407/504/334
f 423/262/484 426/369/1123 427/630/345
f 424/734/486 427/1547/1122 425/372/342
f 683/735/488 685/738/491 679/736/489
f 685/738/491 684/789/561 678/188/492
f 441/219/493 444/452/1125 445/636/353
f 442/740/495 445/1538/1124 443/634/350
f 459/195/497 462/464/1127 463/640/361
f 460/742/499 463/1548/1126 461/387/358
f 477/151/501 480/150/1129 481/646/369
f 478/744/503 481/1540/1128 479/644/366
f 495/213/505 498/404/1131 499/651/377
f 496/746/507 499/1549/1130 497/408/374
f 513/248/509 516/411/1133 517/654/385
f 514/748/511 517/1542/1132 515/139/382
f 531/269/513 534/493/1135 535/659/393
f 532/750/515 535/1550/1134 533/424/390
f 404/732/483 536/427/724 538/751/517
f 538/752/518 537/494/726 405/122/480
f 554/546/237 556/765/519 550/565/251
f 556/753/519 555/525/534 549/126/249
f 603/382/461 604/717/460 598/585/284
f 604/717/460 602/719/463 597/528/222
f 620/178/276 626/376/535 628/754/520
f 622/580/274 628/754/520 627/755/521
f 215/225/522 218/214/578 220/756/523
f 220/758/524 219/212/581 216/211/525
f 650/533/227 657/531/225 658/759/526
f 652/760/260 658/851/526 656/435/527
f 242/216/528 244/814/585 241/761/419
f 244/763/530 243/120/587 240/119/531
f 554/546/237 680/502/206 682/764/532
f 556/753/519 682/801/532 681/432/533
f 626/376/535 698/171/1137 700/766/536
f 628/754/520 700/766/536 699/527/221
f 710/484/537 712/981/540 580/767/538
f 712/768/540 711/545/236 578/769/541
f 287/318/542 290/320/597 292/771/543
f 292/773/544 291/356/66 288/357/545
f 774/510/211 775/1551/832 772/774/546
f 772/775/546 775/993/832 773/776/547
f 783/539/301 784/1535/299 772/775/546
f 784/595/299 782/561/247 771/508/209
f 830/706/448 832/705/447 820/716/458
f 832/709/447 831/708/450 819/557/457
f 311/299/464 314/358/609 316/777/549
f 316/777/551 315/1552/612 312/779/466
f 335/353/468 338/359/613 340/780/553
f 337/782/470 340/840/616 339/251/555
f 846/784/557 364/842/618 361/723/472
f 364/786/559 363/302/620 360/787/560
f 684/789/561 685/738/491 559/790/403
f 685/738/491 683/735/488 557/547/238
f 845/727/476 847/843/621 388/792/563
f 388/794/565 387/319/624 384/795/566
f 731/158/567 733/1030/570 727/797/568
f 733/799/570 732/439/182 725/438/181
f 675/433/571 681/432/533 682/801/532
f 676/803/572 682/764/532 680/502/206
f 266/303/574 268/819/592 265/805/425
f 268/806/576 267/298/594 264/300/577
f 551/428/176 645/570/259 646/572/261
f 553/807/399 646/573/261 644/128/263
f 218/214/578 221/101/631 223/808/579
f 223/809/580 222/220/633 219/212/581
f 672/185/582 675/184/571 676/810/572
f 673/812/583 676/803/572 674/804/573
f 242/216/528 245/218/638 247/813/584
f 244/763/530 247/855/640 246/236/586
f 695/815/588 697/1553/590 625/671/408
f 697/817/590 696/450/1138 624/449/410
f 269/307/591 271/858/645 268/819/592
f 271/820/593 270/306/647 267/298/594
f 723/168/82 724/592/296 601/668/404
f 724/822/296 722/521/293 600/462/406
f 293/322/596 295/863/651 292/771/543
f 292/773/544 295/865/653 294/335/598
f 767/543/234 776/535/229 778/824/599
f 769/704/446 778/1001/599 777/398/600
f 785/827/602 787/1554/605 577/828/603
f 787/829/605 786/549/240 575/830/606
f 791/499/305 803/1017/854 805/832/607
f 793/834/608 805/1016/607 804/541/232
f 314/358/609 317/305/664 319/835/610
f 319/836/611 318/254/666 315/253/612
f 338/359/613 341/334/668 343/838/614
f 343/839/615 342/252/670 339/251/555
f 846/784/557 848/881/67 367/841/617
f 364/786/559 367/882/672 366/355/619
f 847/843/621 849/884/66 391/844/622
f 391/845/623 390/321/676 387/319/624
f 570/846/625 572/523/218 574/596/300
f 571/848/626 574/597/300 573/598/302
f 578/769/541 587/1031/869 589/849/628
f 580/767/538 589/1032/628 588/163/629
f 224/103/630 226/925/742 223/808/579
f 226/850/632 225/196/744 222/220/633
f 669/532/226 670/1544/417 658/759/526
f 670/677/417 668/436/1136 656/435/527
f 632/852/634 677/737/490 679/736/489
f 634/853/635 679/736/489 678/188/492
f 248/192/637 250/932/749 247/813/584
f 250/854/639 249/137/751 246/236/586
f 699/527/221 700/766/536 610/856/641
f 700/766/536 698/171/1137 609/173/643
f 272/239/644 274/941/759 271/858/645
f 274/859/646 273/304/761 270/306/647
f 561/512/648 726/798/569 727/797/568
f 562/861/649 727/1555/568 725/862/181
f 296/324/650 298/946/765 295/863/651
f 298/864/652 297/333/66 294/335/598
f 729/478/201 741/534/228 742/694/438
f 730/867/654 742/1545/438 740/692/435
f 765/542/233 766/701/444 754/868/656
f 766/869/444 764/698/441 752/394/657
f 801/871/658 806/996/835 808/872/659
f 802/874/660 808/998/659 807/875/661
f 824/710/451 828/1040/873 829/876/662
f 826/712/454 829/1042/662 827/550/241
f 320/337/663 322/954/773 319/835/610
f 322/878/665 321/250/775 318/254/666
f 344/339/667 346/957/777 343/838/614
f 346/879/669 345/246/779 342/252/670
f 850/880/671 370/960/781 367/841/617
f 367/882/672 370/961/782 369/308/673
f 851/883/674 394/963/785 391/844/622
f 394/885/675 393/323/787 390/321/676
f 833/552/677 835/707/449 661/886/678
f 835/887/449 834/445/187 659/888/680
f 416/434/681 418/1556/1139 412/890/682
f 418/891/684 417/364/1140 410/363/685
f 423/262/484 424/733/485 412/892/686
f 412/890/682 424/734/486 422/365/487
f 434/177/687 436/1557/1141 430/893/688
f 436/894/690 435/447/1142 428/446/691
f 441/219/493 442/739/494 430/895/692
f 430/893/688 442/740/495 440/380/496
f 452/383/693 454/1558/1143 448/896/694
f 454/897/696 453/458/1144 446/457/697
f 459/195/497 460/741/498 448/898/698
f 460/742/499 458/381/500 447/166/695
f 470/153/699 472/1559/1145 466/899/700
f 472/900/702 471/469/1146 464/468/703
f 477/151/501 478/743/502 466/901/704
f 466/899/700 478/744/503 476/397/504
f 488/149/705 490/1560/1147 484/902/706
f 490/903/708 489/486/1148 482/485/709
f 495/213/505 496/745/506 484/904/710
f 484/902/706 496/746/507 494/407/508
f 506/142/711 508/1561/1149 502/905/712
f 508/906/714 507/488/1150 500/487/715
f 500/487/715 513/248/509 514/747/510
f 514/748/511 512/414/512 501/143/713
f 524/420/717 526/1562/1151 520/908/718
f 526/909/720 525/135/1152 518/491/721
f 518/491/721 531/269/513 532/749/514
f 532/750/515 530/423/516 519/415/719
f 542/426/723 544/1563/1153 538/751/517
f 544/911/725 543/495/1154 537/494/726
f 584/386/727 586/969/730 583/912/728
f 586/913/730 585/429/177 581/914/731
f 611/916/732 613/1026/734 607/917/733
f 613/918/734 612/175/866 605/456/735
f 635/920/736 637/1025/739 631/921/737
f 637/923/739 636/441/865 629/459/740
f 227/105/741 229/1564/810 226/925/742
f 229/926/743 228/197/812 225/196/744
f 653/516/745 662/515/1155 664/927/746
f 655/929/747 664/1565/746 663/930/186
f 629/459/740 672/185/582 673/811/583
f 631/921/737 673/812/583 671/501/205
f 248/192/637 251/194/814 253/931/748
f 253/933/750 252/233/816 249/137/751
f 605/456/735 696/450/1138 697/817/590
f 607/917/733 697/1553/590 695/815/588
f 648/934/752 649/1035/754 643/563/250
f 649/935/754 647/1036/871 642/453/189
f 705/176/755 706/1027/756 703/937/430
f 706/938/756 704/471/196 702/939/757
f 272/239/644 275/241/820 277/940/758
f 277/942/760 276/341/66 273/304/761
f 581/914/731 714/548/239 715/943/762
f 583/915/728 715/943/762 713/944/763
f 299/326/764 301/1566/823 298/946/765
f 298/864/652 301/984/824 300/343/766
f 750/519/215 753/530/224 754/868/656
f 751/948/767 754/870/656 752/394/657
f 749/393/657 755/1033/870 757/949/768
f 751/947/767 757/1034/768 756/517/213
f 813/509/210 814/603/307 799/950/769
f 814/606/307 812/605/308 798/952/771
f 323/336/772 325/955/841 322/954/773
f 325/955/774 324/1567/843 321/956/775
f 347/338/776 349/1004/845 346/957/777
f 349/958/778 348/266/847 345/246/779
f 852/959/780 373/1009/849 370/960/781
f 370/961/782 373/1568/851 372/240/783
f 853/962/784 397/1013/852 394/963/785
f 394/885/675 397/1569/853 396/325/786
f 413/130/340 417/364/1140 418/891/684
f 415/965/789 418/1556/1139 416/434/681
f 431/210/790 435/447/1142 436/894/690
f 433/633/349 436/1557/1141 434/177/687
f 449/221/356 453/458/1144 454/897/696
f 451/638/357 454/1558/1143 452/383/693
f 467/268/794 471/469/1146 472/900/702
f 469/643/365 472/1559/1145 470/153/699
f 485/208/796 489/486/1148 490/903/708
f 487/649/373 490/1560/1147 488/149/705
f 503/118/380 507/488/1150 508/906/714
f 505/968/799 508/1561/1149 506/142/711
f 521/136/800 525/135/1152 526/909/720
f 523/657/389 526/1562/1151 524/420/717
f 539/232/802 543/495/1154 544/911/725
f 541/662/397 544/1563/1153 542/426/723
f 560/443/185 570/846/625 571/847/626
f 562/860/649 571/848/626 569/513/627
f 591/385/804 592/989/805 586/969/730
f 592/970/805 590/991/830 585/429/177
f 615/379/806 616/971/807 610/856/641
f 616/971/807 614/1018/856 608/857/642
f 633/187/636 638/371/837 640/972/808
f 634/853/635 640/972/808 639/526/220
f 230/108/809 232/1023/862 229/973/810
f 232/974/811 231/201/863 228/197/812
f 255/222/813 256/577/271 253/975/748
f 256/976/815 254/234/270 252/233/816
f 687/181/817 692/442/864 694/977/818
f 688/978/423 694/1024/818 693/170/84
f 278/309/819 280/1028/867 277/979/758
f 277/942/760 280/1029/868 279/340/821
f 717/483/295 718/1570/294 712/981/540
f 718/593/294 716/503/207 711/545/236
f 303/296/822 304/594/298 301/982/823
f 304/983/333 302/342/297 300/343/766
f 735/157/825 743/164/1156 745/985/826
f 736/987/827 745/1571/826 744/988/828
f 746/475/829 748/697/440 592/989/805
f 748/990/440 747/430/178 590/991/830
f 759/992/831 773/776/547 775/993/832
f 760/995/833 775/1551/832 774/510/211
f 815/506/834 817/1048/836 808/872/659
f 817/997/836 816/560/246 807/875/661
f 638/371/837 690/179/275 691/579/273
f 640/972/808 691/579/273 689/999/838
f 776/535/229 779/537/231 781/1000/839
f 778/1001/599 781/1037/839 780/399/600
f 714/548/239 719/1534/1116 721/718/462
f 715/943/762 721/718/462 720/388/459
f 326/345/840 328/1044/875 325/955/841
f 325/1002/774 328/1045/876 327/265/842
f 351/349/844 352/613/321 349/1004/845
f 352/1005/846 350/295/320 348/1006/847
f 852/959/780 854/1046/877 376/1008/848
f 376/1010/850 375/311/878 372/310/783
f 843/1012/297 400/624/333 397/1013/852
f 400/623/332 398/328/1119 396/1014/786
f 800/544/235 804/541/232 805/1016/607
f 802/873/660 805/832/607 803/1017/854
f 708/165/855 709/586/285 616/971/807
f 709/586/285 707/584/283 614/1018/856
f 566/391/857 568/1047/860 565/1019/858
f 568/1020/860 567/476/199 563/1021/861
f 663/444/186 664/1572/746 661/889/678
f 664/927/746 662/515/1155 660/553/679
f 234/109/266 235/574/265 232/1023/862
f 232/974/811 235/576/269 233/152/268
f 635/920/736 693/170/84 694/1024/818
f 637/923/739 694/977/818 692/442/864
f 704/471/196 706/938/756 613/1026/734
f 706/1027/756 705/176/755 612/175/866
f 282/313/289 283/587/288 280/1028/867
f 283/589/292 281/351/291 279/340/821
f 729/478/201 730/866/654 565/1022/858
f 730/867/654 728/155/655 564/154/859
f 731/158/567 735/157/825 736/986/827
f 733/799/570 736/987/827 734/454/190
f 744/988/828 745/1571/826 589/849/628
f 745/985/826 743/164/1156 588/163/629
f 755/1033/870 759/992/831 760/994/833
f 757/1034/768 760/995/833 758/558/244
f 653/516/745 655/928/747 649/1035/754
f 655/929/747 654/437/180 647/1036/871
f 779/537/231 786/549/240 787/829/605
f 781/1037/839 787/1554/605 785/827/602
f 797/951/770 799/950/769 796/1038/304
f 799/953/769 798/952/771 794/1039/872
f 828/1040/873 836/362/456 838/1041/455
f 829/1042/662 838/714/455 837/1043/874
f 326/345/840 330/344/68 331/610/316
f 331/612/319 329/112/318 327/265/842
f 854/1046/877 841/620/329 379/619/328
f 379/622/331 378/312/289 375/311/878
f 791/499/305 793/833/608 790/601/303
f 793/834/608 792/529/223 789/518/214
f 576/390/604 577/828/603 568/1047/860
f 577/831/603 575/830/606 567/476/199
f 816/560/246 817/997/836 811/713/452
f 817/1048/836 815/506/834 809/505/453
f 210/224/110 110/223/109 118/282/147
f 356/1049/66 840/614/68 839/616/66
f 380/1051/66 842/618/68 841/620/66
f 399/1053/67 353/1050/66 839/616/66
f 356/1049/66 359/1054/66 844/785/68
f 380/1051/66 383/1055/66 845/727/68
f 359/1054/66 362/1057/66 846/784/66
f 383/1055/66 386/1059/66 847/843/66
f 365/1056/66 848/881/66 846/784/66
f 389/1058/68 849/884/66 847/843/66
f 365/1056/66 368/1062/66 850/880/66
f 392/1060/68 851/883/66 849/884/66
f 371/1061/66 852/959/66 850/880/66
f 395/1063/67 853/962/66 851/883/66
f 371/1061/66 374/1064/66 854/1046/66
f 399/1053/67 843/1012/66 853/962/66
f 374/1064/66 377/1052/66 841/620/66
f 861/1067/67 858/1573/879 857/1574/67
f 857/1574/67 870/1575/66 868/1576/66
f 868/1576/66 866/1577/647 864/1578/1157
f 864/1578/1157 862/1579/1158 860/1065/879
f 860/1065/879 856/1580/1159 855/1581/67
f 855/1581/67 859/1582/66 869/1066/66
f 869/1066/66 867/1583/647 865/1584/66
f 865/1584/66 863/1585/668 861/1067/67
f 861/1067/67 857/1574/67 868/1576/66
f 868/1576/66 864/1578/1157 860/1065/879
f 860/1065/879 855/1581/67 869/1066/66
f 869/1066/66 865/1584/66 861/1067/67
f 861/1067/67 868/1576/66 860/1065/879
f 377/1068/880 857/1100/880 858/1069/881
f 365/1071/882 864/1098/882 866/1072/883
f 399/1074/884 859/1097/884 855/1075/885
f 389/191/93 865/190/93 867/1077/886
f 356/1079/887 856/1099/887 860/1080/888
f 368/1073/883 866/1072/883 868/1082/889
f 380/1070/881 858/1069/881 861/1084/890
f 392/1078/886 867/1077/886 869/1086/891
f 359/1088/888 860/1586/888 862/1089/892
f 371/1091/889 868/1587/889 870/1092/893
f 383/1094/890 861/1588/890 863/1095/92
f 395/1096/891 869/1589/891 859/1097/884
f 362/1090/892 862/1089/892 864/1098/882
f 353/1076/885 855/1075/885 856/1099/887
f 374/1093/893 870/1092/893 857/1100/880
f 883/1101/894 880/1122/909 1087/1102/895
f 1084/1104/897 878/1590/1106 1076/1105/898
f 879/1107/899 896/1506/927 1096/1108/900
f 1086/1110/902 872/1591/922 1079/1111/903
f 1098/1113/904 893/1592/1101 875/1114/905
f 1068/1116/35 882/1593/1108 891/1117/907
f 888/1119/908 881/1132/918 1067/1120/35
f 880/1122/909 879/1107/899 1088/1109/901
f 889/1123/910 902/1594/1100 1089/1124/911
f 914/1126/913 931/1213/964 936/1127/914
f 1078/1129/916 889/1486/910 877/1130/917
f 881/1132/918 882/1593/1108 1068/1116/35
f 1082/1133/919 897/1489/1103 871/1134/920
f 879/1136/899 880/1595/909 1072/1137/43
f 1094/1139/921 895/1508/938 872/1140/922
f 877/1142/917 889/1123/910 1097/1125/912
f 1072/1137/43 880/1595/909 883/1144/894
f 884/1146/924 874/1596/942 1075/1147/925
f 896/1149/927 879/1136/899 1071/1138/43
f 901/1151/928 893/1592/1101 1098/1113/904
f 892/1153/930 876/1597/1107 1080/1154/931
f 886/1156/933 1102/1157/43 1073/1145/43
f 886/1156/933 884/1146/924 1077/1148/926
f 890/1158/934 1103/1160/35 1078/1129/916
f 890/1158/934 888/1119/908 1069/1121/35
f 894/1161/936 1104/1162/35 1070/1118/35
f 894/1161/936 892/1153/930 1081/1155/932
f 898/1163/937 1101/1165/43 1082/1133/919
f 898/1163/937 896/1149/927 1074/1150/43
f 888/1166/908 890/1168/934 1092/1167/939
f 890/1168/934 887/1505/935 1093/1169/940
f 892/1170/930 894/1598/936 1095/1171/941
f 1095/1171/941 894/1598/936 891/1172/907
f 874/1173/942 884/1509/924 1093/1169/940
f 919/1175/943 935/1219/967 924/1176/944
f 928/1180/947 923/1599/970 925/1600/969
f 925/1600/969 926/1601/971 924/1602/944
f 924/1602/944 935/1603/967 937/1604/966
f 937/1604/966 938/1605/968 936/1178/914
f 936/1178/914 931/1606/964 933/1607/963
f 933/1607/963 934/1608/965 932/1179/946
f 932/1179/946 927/1609/1160 929/1610/962
f 929/1610/962 930/1611/961 928/1180/947
f 928/1180/947 925/1600/969 924/1602/944
f 924/1602/944 937/1604/966 936/1178/914
f 936/1178/914 933/1607/963 932/1179/946
f 932/1179/946 929/1610/962 928/1180/947
f 928/1180/947 924/1602/944 936/1178/914
f 900/1512/1102 910/1191/65 909/1181/948
f 909/1181/948 913/1199/949 915/1182/65
f 915/1182/65 901/1151/928 1090/1152/929
f 1090/1152/929 900/1512/1102 909/1181/948
f 909/1183/948 927/1612/1160 932/1184/946
f 901/1151/928 915/1182/65 914/1186/913
f 914/1186/913 918/1202/915 920/1187/72
f 920/1187/72 902/1594/1100 901/1151/928
f 902/1594/1100 920/1187/72 919/1188/943
f 919/1188/943 903/1193/945 905/1189/72
f 905/1189/72 899/1192/951 1089/1124/911
f 1089/1124/911 902/1594/1100 919/1188/943
f 899/1192/951 905/1189/72 904/1190/950
f 904/1190/950 908/1196/954 910/1191/65
f 910/1191/65 900/1512/1102 899/1192/951
f 928/1205/947 930/1208/961 911/1206/955
f 930/1208/961 929/1613/962 912/1209/956
f 929/1210/962 927/1612/1160 909/1183/948
f 914/1126/913 917/1614/958 933/1212/963
f 917/1214/958 916/1217/957 934/1215/965
f 916/1217/957 913/1185/949 932/1184/946
f 919/1175/943 922/1220/960 937/1218/966
f 922/1220/960 921/1615/959 938/1221/968
f 921/1222/959 918/1128/915 936/1127/914
f 904/1224/950 907/1227/953 925/1225/969
f 907/1227/953 906/1616/952 926/1228/971
f 906/1229/952 903/1177/945 924/1176/944
f 904/1224/950 923/1226/970 928/1205/947
f 983/1231/972 1000/1235/976 999/1232/973
f 984/1234/975 1001/1237/978 1000/1235/976
f 984/1234/975 985/1242/983 1002/1236/977
f 974/1238/979 973/1244/985 990/1239/980
f 986/1241/982 1003/1617/987 1002/1236/977
f 975/1243/984 992/1249/989 990/1239/980
f 986/1245/982 987/1251/991 1004/1246/986
f 976/1248/988 993/1253/993 992/1249/989
f 988/1250/990 1005/1255/995 1004/1246/986
f 976/1248/988 977/1618/996 994/1252/992
f 989/1254/994 1006/1259/998 1005/1255/995
f 977/1256/996 978/1261/1000 995/1257/997
f 989/1254/994 974/1238/979 991/1240/981
f 979/1260/999 996/1263/1002 995/1257/997
f 980/1262/1001 997/1265/1004 996/1263/1002
f 981/1264/1003 998/1619/1030 997/1265/1004
f 940/1266/1005 973/1270/985 974/1267/979
f 941/1269/1007 975/1272/984 973/1270/985
f 942/1271/1008 976/1274/988 975/1272/984
f 943/1273/1009 977/1276/996 976/1274/988
f 943/1273/1009 944/1278/1011 978/1275/1000
f 945/1277/1010 979/1280/999 978/1275/1000
f 946/1279/1012 980/1282/1001 979/1280/999
f 947/1281/1013 981/1620/1003 980/1282/1001
f 948/1283/1014 949/1287/1016 983/1284/972
f 950/1286/1015 984/1289/975 983/1284/972
f 950/1286/1015 951/1291/1018 985/1288/983
f 952/1290/1017 986/1293/982 985/1288/983
f 952/1290/1017 953/1294/1019 987/1292/991
f 953/1294/1019 954/1296/1020 988/1295/990
f 954/1296/1020 955/1298/1021 989/1297/994
f 955/1298/1021 939/1268/1006 974/1267/979
f 956/1299/1022 957/1331/1039 991/1300/981
f 958/1302/1023 956/1299/1022 990/1301/980
f 959/1304/1024 958/1302/1023 992/1303/989
f 960/1306/1025 959/1304/1024 993/1305/993
f 960/1306/1025 994/1307/992 995/1308/997
f 962/1310/1027 961/1309/1026 995/1308/997
f 963/1312/1028 962/1310/1027 996/1311/1002
f 964/1314/1029 963/1312/1028 997/1313/1004
f 965/1316/1031 999/1621/973 1000/1317/976
f 967/1319/1033 966/1318/1032 1000/1317/976
f 967/1319/1033 1001/1320/978 1002/1321/977
f 969/1323/1035 968/1322/1034 1002/1321/977
f 969/1323/1035 1003/1324/987 1004/1325/986
f 970/1326/1036 1004/1325/986 1005/1327/995
f 971/1328/1037 1005/1327/995 1006/1329/998
f 972/1330/1038 1006/1329/998 991/1300/981
f 963/1332/1028 964/1452/1029 947/1333/1013
f 945/1335/1010 962/1622/1027 963/1332/1028
f 961/1336/1026 962/1622/1027 945/1335/1010
f 960/1338/1025 961/1336/1026 944/1337/1011
f 959/1340/1024 960/1338/1025 943/1339/1009
f 941/1342/1007 958/1623/1023 959/1343/1024
f 956/1345/1022 958/1623/1023 941/1342/1007
f 957/1347/1039 956/1345/1022 940/1346/1005
f 972/1349/1038 957/1347/1039 939/1348/1006
f 971/1351/1037 972/1349/1038 955/1350/1021
f 970/1353/1036 971/1351/1037 954/1352/1020
f 969/1355/1035 970/1353/1036 953/1354/1019
f 968/1357/1034 969/1355/1035 952/1356/1017
f 967/1359/1033 968/1624/1034 951/1360/1018
f 966/1362/1032 967/1359/1033 950/1361/1015
f 965/1364/1031 966/1362/1032 949/1363/1016
f 999/1232/973 1060/1367/1041 1045/1366/1040
f 1060/1367/1041 1061/1369/1043 1046/1368/1042
f 1061/1369/1043 1062/1374/1048 1047/1370/1044
f 1053/1371/1045 1052/1376/1050 1037/1372/1046
f 1062/1374/1048 1063/1378/1052 1048/1375/1049
f 1052/1376/1050 1054/1380/1054 1039/1377/1051
f 1063/1378/1052 1064/1625/1056 1049/1379/1053
f 1054/1380/1054 1055/1626/1089 1040/1381/1055
f 1064/1382/1056 1065/1387/1060 1050/1383/1057
f 1040/1381/1055 1055/1626/1089 1056/1385/1058
f 1065/1387/1060 1066/1390/1063 1051/1388/1061
f 1056/1385/1058 1057/1627/1064 1042/1389/1062
f 1066/1390/1063 1053/1371/1045 1038/1373/1047
f 1057/1391/1064 1058/1394/1066 1043/1392/1065
f 1058/1394/1066 1059/1396/1068 1044/1395/1067
f 1059/1396/1068 998/1619/1030 981/1264/1003
f 1038/1397/1047 1037/1400/1046 1008/1398/1069
f 1037/1400/1046 1039/1402/1051 1009/1401/1071
f 1039/1402/1051 1040/1404/1055 1010/1403/1072
f 1040/1404/1055 1041/1406/1059 1011/1405/1073
f 1041/1406/1059 1042/1408/1062 1012/1407/1074
f 1042/1408/1062 1043/1628/1065 1013/1409/1075
f 1013/1409/1075 1043/1628/1065 1044/1410/1067
f 1044/1410/1067 981/1620/1003 947/1281/1013
f 948/1283/1014 982/1285/974 1045/1412/1040
f 1045/1412/1040 1046/1629/1042 1016/1414/1078
f 1016/1414/1078 1046/1629/1042 1047/1415/1044
f 1047/1415/1044 1048/1630/1049 1018/1417/1080
f 1018/1417/1080 1048/1630/1049 1049/1418/1053
f 1019/1419/1081 1049/1418/1053 1050/1420/1057
f 1020/1421/1082 1050/1420/1057 1051/1422/1061
f 1021/1423/1083 1051/1422/1061 1038/1397/1047
f 1022/1424/1084 1052/1428/1050 1053/1425/1045
f 1024/1427/1086 1054/1430/1054 1052/1428/1050
f 1025/1429/1087 1055/1432/1089 1054/1430/1054
f 1026/1431/1088 1056/1434/1058 1055/1432/1089
f 1027/1433/1090 1057/1436/1064 1056/1434/1058
f 1028/1435/1091 1058/1631/1066 1057/1436/1064
f 1059/1437/1068 1058/1631/1066 1028/1435/1091
f 964/1314/1029 998/1315/1030 1059/1437/1068
f 1060/1439/1041 999/1621/973 965/1316/1031
f 1031/1441/1094 1061/1632/1043 1060/1439/1041
f 1062/1442/1048 1061/1632/1043 1031/1441/1094
f 1033/1444/1096 1063/1633/1052 1062/1442/1048
f 1064/1445/1056 1063/1633/1052 1033/1444/1096
f 1065/1447/1060 1064/1445/1056 1034/1446/1097
f 1066/1449/1063 1065/1447/1060 1035/1448/1098
f 1053/1425/1045 1066/1449/1063 1036/1450/1099
f 1014/1451/1076 947/1333/1013 964/1452/1029
f 1014/1451/1076 1029/1453/1092 1028/1454/1091
f 1013/1455/1075 1028/1454/1091 1027/1456/1090
f 1012/1457/1074 1027/1456/1090 1026/1458/1088
f 1011/1460/1073 1026/1634/1088 1025/1461/1087
f 1009/1463/1071 1010/1462/1072 1025/1461/1087
f 1009/1463/1071 1024/1464/1086 1022/1465/1084
f 1008/1466/1069 1022/1465/1084 1023/1467/1085
f 1007/1468/1070 1023/1467/1085 1036/1469/1099
f 1021/1470/1083 1036/1469/1099 1035/1471/1098
f 1020/1472/1082 1035/1471/1098 1034/1473/1097
f 1019/1474/1081 1034/1473/1097 1033/1475/1096
f 1018/1477/1080 1033/1635/1096 1032/1478/1095
f 1017/1479/1079 1032/1478/1095 1031/1480/1094
f 1016/1481/1078 1031/1480/1094 1030/1482/1093
f 1015/1483/1077 1030/1482/1093 965/1364/1031
f 1067/1120/35 1068/1116/35 901/1484/928
f 1069/1121/35 1067/1120/35 902/1485/1100
f 901/1484/928 1068/1116/35 1070/1118/35
f 1074/1150/43 1071/1138/43 900/1488/1102
f 899/1490/951 1072/1137/43 1073/1145/43
f 1071/1138/43 1072/1137/43 899/1490/951
f 1077/1148/926 1075/1147/925 873/1492/1105
f 887/1159/935 1078/1129/916 1076/1131/898
f 1099/1106/47 1076/1105/898 877/1494/917
f 1081/1155/932 1080/1154/931 875/1496/905
f 895/1164/938 1082/1133/919 1079/1135/903
f 1100/1112/39 1079/1111/903 871/1498/920
f 1080/1500/931 1100/1112/39 1085/1499/906
f 1075/1502/925 1099/1106/47 1083/1495/923
f 878/1504/1106 1084/1174/897 1093/1169/940
f 1095/1171/941 1096/1108/900 896/1506/927
f 1094/1139/921 1095/1171/941 898/1507/937
f 1092/1167/939 1093/1169/940 884/1509/924
f 1091/1103/896 1092/1167/939 886/1510/933
f 1090/1152/929 1098/1113/904 897/1511/1103
f 873/1513/1105 1083/1143/923 1097/1125/912
f 1094/1139/921 1086/1141/902 876/1515/1107
f 1097/1125/912 1089/1124/911 899/1192/951
f 1087/1102/895 1088/1109/901 882/1516/1108
f 1098/1113/904 1085/1115/906 871/1518/920
f 876/1519/1107 1086/1110/902 1100/1112/39
f 1088/1109/901 1096/1108/900 891/1172/907
f 874/1520/942 1084/1104/897 1099/1106/47
f 1091/1103/896 1087/1102/895 881/1517/918
